ID,Language_ID,Headword,Part_Of_Speech,Borrowed_Word,Entry_IDs,General_Comment,Inflection_Class,Literally,Media_IDs,Morphology,Paradigm,Pronunciation,Variant,Source
a-,kvw,a-,prefix,,,,,,,,,a-,,
LX000001,kvw,a-,prefix,,o-,,,,,,,ˈa-,,
LX000002,kvw,=a,art,,LX000016,,,,,,,=a,,
-a,kvw,-a,suffix,,,,,,,,,-a,,
aba,kvw,aba,dem.nom,,,,,,,a-ba,,ˈaba,,
abaka,kvw,abaka,pro,,,,,,,,,aˈbaka,,
abar,kvw,abar,n,,,,,,,,,aˈbar,,
abeli,kvw,abeli,n,,,,,,,,,aˈbɛli,,
abo,kvw,abo,dem.cl,,obo,,,,,a-bo,,ˈabo,,
abosing,kvw,abosing,vi,,,,,,,,,aˈbosiŋ,,
Abui,kvw,Abui,n,,,,,,,,,aˈbui,,
abukmang,kvw,abukmang,n,,,,,,,,,aˈbukmaŋ,,
ada,kvw,ada,n,,,,,,,,,aˈda,,
LX000003,kvw,ada gèmangtaing,vi,,ada ; -mangtaing,,,struck by fire,,,,aˈda gəˈmaŋtajŋ ~ aˈda gəˈmantajŋ ~ aˈda gaˈmaŋtajŋ ~ aˈda gaˈmantajŋ,,
ada_lewali,kvw,ada lewali,vt,,ada ; lewali,,,,,,,aˈda lɛˈwali,,
ada_us,kvw,ada us,n,,,,,,,,,aˈda us,,
ada_war,kvw,ada war,n,,,,,,,,,aˈda war,,
adayoku,kvw,adayoku,num,,,,,,,,,adaˈjoku,,
adi,kvw,adi,pro,,,,,,,,,ˈadi,,
adinak,kvw,adinak,n,,,,,,,,,aˈdinak,,
adol,kvw,adol,n,,,,,,,,,aˈdol,,
adosi,kvw,adosi,n,,,,,,,,,aˈdosi ~ aˈdusi,,
adur,kvw,adur,n,,,,,,,,,aˈdur,,
ai-,kvw,ai-,prefix,,,,,,,,,aj-,,
aida,kvw,aida,pro,,,,,,,,,ˈajda,,
aidaute,kvw,aidaute,intj,,yaidaute,,,,,,,ajˈdawtɛ,,
-aidem,kvw,-aidem,n,,-yar ; idem,,obl,,,,,[Cɛ-]ˈajdɛm,,
ailak,kvw,ailak,n,"Austronesian borrowing. First element ‹ai-› is certainly a reflex of PMP *kahiw ‘tree, wood’ (ACD).",,,,,,,,ˈajlak,,R003[Borrowed_Word]
ak,kvw,ak,n,,,,,,,,,ˈak,,
aka,kvw,aka,n,,,,,,,,,aˈka,,
akabong,kvw,akabong,n,,bong,,,,,,,aˈkaboŋ,,
akal,kvw,akal,n,,,,,,,,,aˈkal,,
akamau,kvw,akamau,n,,,,,,,,,aˈkamaw,,
akar,kvw,akar,vi,,,,,,,,,aˈkar,,
akenawaka,kvw,akenawaka,n,,,,,,,,,aˈkɛnawaka,,
akeng,kvw,akeng,vi,,,,,,,,,aˈkɛŋ,,
aki,kvw,aki,vi,,,,,,,,,aˈki,,
akida,kvw,akida,dem.pro,,LX000001 ; kid,,,,,a-kid-a,,ˈakida,,
akoling,kvw,akoling,n,,,,,,,,,aˈkoliŋ,,
akumi,kvw,akumi,n,,,,,,,,,aˈkumi,,
alai,kvw,alai,vt,,,,,,,,,aˈlaj,,
alaka,kvw,alaka,n,,,,,,,,,aˈlaka,,
alar,kvw,alar,vi,,,,,,,,,aˈlar,,
LX000004,kvw,alar,n,,,,,,,,,aˈlar,,
ali,kvw,ali,vt,"Austronesian, cf. PMP *beli 'buy, value, price; marriage prestations, brideprice; purchase' (ACD). Probably a South or Southeast Sulawesi language like Buton ‹ali› 'buy'.",,,,,,,,aˈli,,R003[Borrowed_Word]
-ali,kvw,-ali,n,"Austronesian, cf. PMP *beli 'buy, value, price; marriage prestations, brideprice; purchase' (ACD). Probably a South or Southeast Sulawesi language, e.g., Layolo ‹ali› 'price'.",-ali_-damu ; -ali_kir,,inal,,,,,[C-]ˈali,,R003[Borrowed_Word]
-ali_-damu,kvw,-ali -damu,n,,-ali ; damu,,"inal, obl",,,,,[C-]ˈali [C/ɛ-]ˈdamu,,
-ali_kir,kvw,-ali kir,n,,-ali ; kir,,inal,,,,,[C-]ˈali kir,,
-ali_ledus,kvw,-ali ledus,n+vt,,-ali,,,,,,,[C-]ˈali lɛˈdus,,
alo,kvw,alo,n,,ira_bok,,,,,,,aˈlo,,
aloi,kvw,aloi,vi,,lealoi,,,,,,,aˈloj,,
alu,kvw,alu,n,"Austronesian, cf. PMP *qahelu 'pestle' (ACD). Possible source languages for this borrowing can be found on all sides of Alor, e.g., Tokodede, Erai, Alorese ‹alu› 'pestle'.",,,,,,,,aˈlu,,R003[Borrowed_Word]
aluli,kvw,aluli,vi,"Austronesian Timor, cf. Tokodede ‹luli›, Erai ‹luli›. Initial /a/ could be prosthetic or might suggest borrowing of a causative marked form reflecting *pa-luli.",,,,,,,,aˈluli,,
ameng,kvw,ameng,n,,,,,,,,,aˈmɛŋ,,
ames,kvw,ames,n,,,,,,,,,aˈmɛs,,
ami,kvw,ami,n,,,,,,,,,aˈmi,,
LX000005,kvw,ami,dem.loc,,aming ; ang,,,,,a-mi,,ˈami,,
aming,kvw,aming,dem.loc,,ang ; LX000005 ; oming,,,,,a-mi,,ˈamiŋ,,
amira,kvw,amira,n,,,,,,,ami+ira,,aˈmira,,
-amsing,kvw,-amsing,vi,,,,I_S,,,,,[C-]ˈamsiŋ ~ [C-]ˈamasiŋ ~ [C-]ˈaməsiŋ,"-amasing, -amèsing",
amuing,kvw,amuing,n,,-muing,,,,,,,ˈamuiŋ,,
LX000006,kvw,amuing,vt,,,,,,,,,aˈmuiŋ,,
amung,kvw,amung,vi,,,,,,,,,aˈmuŋ,,
amutung,kvw,amutung,vi,,,,,,,,,aˈmutuŋ,,
anai,kvw,anai,n,,,,,,,,,aˈnaj,,
anasu,kvw,anasu,pro,,,,,,,,,aˈnasu,,
ane,kvw,ane,n,"Ultimately from Tamil ‹pāṉai› ‘large earthen pot or vessel’, but intermediate sources unknown; not found in modern Malay. The loss of initial /p/ suggests the same intermediary as that for other borrowed roots with initial /a/, believed to be reflecting original PMP *pa-.",,,,,,,,aˈnɛ,,
anekol,kvw,anekol,n,"First element ane- possible Austronesian borrowing, cf. PMP *anay 'termite, white ant' (ACD). The origin of the second element is unknown, but is also found in other Alor languages, e.g., Abui ‹anakaai› 'termite, white ant'.",,,,,,,,aˈnɛkol,,R003[Borrowed_Word]
ang,kvw,ang,dem.loc,,LX000005,,,,,,,ˈaŋ,,
aning,kvw,aning,n,,aningkang,,,,,,,aˈniŋ,,
aningkang,kvw,aningkang,n,,aning,,,good person,,,,aˈniŋkaŋ,,
anta,kvw,anta,coord,,,,,,,,,ˈanta,,
ante,kvw,ante,part,,,,,,,,,ˈantɛ,,
ante_pante,kvw,ante pante,vi,,,,,,,,,ˈantɛ ˈpantɛ,,
apa,kvw,apa,n,,,,,,,,,ˈapa,,
apaweri,kvw,apaweri,n,,,,,,,,,apaˈwɛri ~ aˈpɛri,aperi,
api,kvw,api,n,,,,,,,,,aˈpi,,
LX000007,kvw,api gèmekeng,vi,,api ; -mekeng,,,pull fish,,,,aˈpi gəˈmɛkɛŋ ~ aˈpi gɛˈmɛkɛŋ,,
api_pura,kvw,api pura,n,,api,,,,,,,aˈpi puˈra,,
apikal,kvw,apikal,n,,,,,,,,,apiˈkal,,
apokida,kvw,apokida,dem.pro,,LX000001 ; kid ; opokida,,,,,a-po-kida,,ˈapokida,,
arabung,kvw,arabung,vi,,LX000229,,,,,,,aˈrabuŋ,,
arak,kvw,arak,n,,arakes,,,,,,,aˈrak,,
arak_poting,kvw,arak poting,n,,,,,,,,,aˈrak ˈpotiŋ,,
LX000008,kvw,arak pètak,n,,,,,,,,,aˈrak pəˈtak ~ aˈrak paˈtak,,
arakang,kvw,arakang,vt,,,,,,,,,aˈrakaŋ,,
arakes,kvw,arakes,n,"Second element -es is likely a borrowing of Timor Austronesian, e.g., Tokodede ‹ecu›, Tetun ‹etu› 'rice, food, sustenance'",arak,,,,,arak-es,,araˈkɛs,,
aram,kvw,aram,n,,learam,,,,,,,aˈram,,
LX000009,kvw,aras -tèmedi,vi,,,,II_S,,,,,aˈras [Cɛ]-təˈmɛdi ~ aˈras [Cɛ]-tɛˈmɛdi,,
arasoku,kvw,arasoku,num,,,,,,,,,araˈsoku,,
areing,kvw,areing,vt,,,,,,,,,aˈrɛjŋ,,
aresi,kvw,aresi,vt,,,,,,,,,aˈrɛsi ~ aˈrɛis,,
aros,kvw,aros,vt,"Possible Timorese Austronesian borrowing, e.g., Tokodede ‹rose› 'rub, scrape'. Initial /a/ may be prothetic to avoid an initial /r/.",,,,,,,,aˈros,,
arub,kvw,arub,n,"Austronesian, cf. PMP *ribut 'storm' (ACD). Initial /a/ may be prothetic to avoid an initial /r/.",,,,,,,,aˈrub,,R003[Borrowed_Word]
arudi,kvw,arudi,n,,,,,,,,"narudi, arudi, garudi, tarudi, nyarudi, yarudi",aˈrudi,,
aruk,kvw,aruk,vi,,LX000247,,,,,,,aˈruk,,
aruk-aruk,kvw,aruk-aruk,n,,,,,,,,,aruk~aˈruk,,
arus_pei,kvw,arus pei,n,"Wersing arus 'deer' from Austronesian, cf. PWMP *uRsa 'deer' (ACD). Initial /a/ could be prosthetic. Immediate source may be Malay ‹rusa› 'deer'.",,,,deer pig,,,,aˈrus ˈpɛj,,R003[Borrowed_Word]
asa,kvw,asa,n,,asa_luk ; asa_beleng,,,,,,,aˈsa,,
asa_beleng,kvw,asa beleng,n,,,,,,,,,aˈsa ˈbɛlɛŋ,,
asa_luk,kvw,asa luk,n,,,,,,,,,aˈsa ˈluk,,
aser,kvw,aser,n,,,,,,,,,aˈsɛr,,
aser_letati,kvw,aser letati,n,,,,,,,,,aˈsɛr lɛˈtati,,
LX000010,kvw,aser pède,vi,,,,,,,,,aˈsɛr pəˈdɛ ~ aˈsɛr pɛˈdɛ,,
asiding,kvw,asiding,vi,,,,,,,,,aˈsidiŋ,,
asing,kvw,asing,n,,,,,,,,,aˈsiŋ,,
asir,kvw,asir,n,"Austronesian, cf. PMP *qasiRa 'salt' (ACD). Presence of initial /a/ suggests borrowing from an early Austronesian language no longer extent.",,,,,,,,aˈsir,,R003[Borrowed_Word]
aska,kvw,aska,num,"Possibly from Sanskrit ‹lakṣa› 'hundred thousand', via Malay ‹laksa›. Intermediate sources unknown. Alternative sources may be eastern Sulawesi languages, e.g., Sula ‹saka› '100'.",,,,,,,,ˈaska,,
aso,kvw,aso,part,,,,,,,,,aso ~ =so,,
asok,kvw,asok,vt,,,,,,,,,aˈsok,,
ato_amuing,kvw,ato amuing,vt,,,,,,,,,aˈto aˈmuiŋ,,
atok,kvw,atok,vt,,,,,,,,,aˈtok,,
-atok,kvw,-atok,n,,,,inal,,,,"natok, atok, gatok, tatok, nyatok, yatok",[C-]ˈatok,,
-atok_sibai,kvw,-atok sibai,n,,-atok ; sibai,,,basket-belly,,,,[C-]ˈatok siˈbaj,,
atoku,kvw,atoku,n,,,,,,,,,aˈtoku ~ aˈtuku,,
atoku_aweri,kvw,atoku aweri,n,,,,,,,,,aˈtoku aˈwɛri,,
atoku_bobung,kvw,atoku bobung,n,,bobung_ayang,,,,,,,aˈtoku ˈbobuŋ,,
atrona,kvw,atrona,dem.inter,,,,,,,,,ˈatrona,,
atu,kvw,atu,vi,,latu,,,,,,,aˈtu,,
LX000011,kvw,atu,n,,,,,,,,,aˈtu,,
-atu,kvw,-atu,n,,,,inal,,,,,[C-]aˈtu,,
atupak,kvw,atupak,vi,,,,,,,,,atuˈpak,,
Aturung,kvw,Aturung,n,,,,,,,,,aˈturuŋ,,
aukol,kvw,aukol,n,"Austronesian borrowing, likely reflecting compound of reflexes of PMP *kahiw 'tree, wood’ (ACD) plus PCMP *koli 'Borassus sundaicus' (Verheijen 1984:47). The initial part of the form is unusual and may indicate the borrowing is from Kisar ‹au› 'tree, wood'.",tok,,,,,,,ˈawkol,,R001[Borrowed_Word];R003[Borrowed_Word]
aumeng,kvw,aumeng,vi,,,,,,,,,ˈawmɛŋ,,
-aumeng,kvw,-aumeng,vi,,meleng,,I_S,,,,,-ˈawmɛŋ,,
awaki,kvw,awaki,vi,,,,,,,,,aˈwaki,,
awe,kvw,awe,vi,,,,,,,,,aˈwɛ,,
aweri,kvw,aweri,n,,,,,,,,,aˈwɛri,,
awesing,kvw,awesing,n,,,,,,,,,aˈwɛsiŋ,,
awi,kvw,awi,clf,,,,,,,,,aˈwi,,
awil,kvw,awil,n,"Austronesian, cf. PMP *kawil 'fish hook' (ACD). Plausible sources in the area have not been identified.",,,,,,,,aˈwil,,R003[Borrowed_Word]
awing,kvw,awing,vi,,,,,,,,,aˈwiŋ,,
aya,kvw,aya,n,,,,,,,,,aˈja,,
aya_keng,kvw,aya keng,n,,sakpul,,,rain cloth,,,,aˈja ˈkɛŋ,,
LX000012,kvw,aya lèpong,n,,,,,,,,,aˈja ləˈpoŋ ~ aˈja loˈpoŋ,,
LX000013,kvw,aya mèsi,n,,,,,,,,,aˈja məˈsi ~ aˈja miˈsi,,
ayakal,kvw,ayakal,vi,,,,,,,,,aˈjakal ~ aˈjɛkɛl,ayekel,
ayanamo,kvw,ayanamo,n,,LX000014 ; LX000153 ; motumo,,,,,ayang-mo,,aˈjanamo,,
ayang,kvw,ayang,vi,,,,,,,,,aˈjaŋ ~ aˈjɛŋ,,
LX000014,kvw,ayang,n,,dolo_ayang,,,,,,,aˈjaŋ ~ aˈjɛŋ,,
ayang_leng,kvw,ayang leng,n,,,,,,,,,aˈjaŋ ˈlɛŋ,,
ayang_tona,kvw,ayang tona,n,,,,,,,,,aˈjaŋ ˈtona,,
ayarang,kvw,ayarang,vi,,,,,,,,,aˈjaraŋ,,
LX000015,kvw,ayarang tèduk,vi,,,,,,,,,aˈjaraŋ təˈduk ~ aˈjaraŋ tuˈduk,,
ayebur,kvw,ayebur,adv,,ebur,,,,,,,aˈjɛbur,,
ayepang,kvw,ayepang,n,,,,,,,,,aˈjɛpaŋ ~ aˈjɛpɛŋ,,
ba,kvw,ba,art,,,,,,,,,ba,,
LX000016,kvw,ba,part,,LX000002,,,,,,,ba,,
ba_no,kvw,ba no,art,,LX000016 ; no,,,the one,,,,ba no,,
badu,kvw,badu,n,Malay ‹baju› 'shirt'.,,,,,,,,ˈbadu,,
bakal,kvw,bakal,n,,LX000048,,,,,,,ˈbakal,,
-bakar,kvw,-bakar,n,,-baseri,,,,,,,[C/a]-ˈbakar,,
bakual,kvw,bakual,n,,,,,,,,,baˈkual,,
bal,kvw,bal,vi,,,,,,,,,ˈbal,,
bali,kvw,bali,vt,"Tetun ‹bali› 'to treat , to cure , to give or apply a remedy, to take care of (including to keep animals)'",,,,,,,,ˈbali,,
baniak,kvw,baniak,n,Tetun ‹bainaka› 'guest'. Unexplained metathesis /i/ and /n/ in Wersing.,,,,,,,,baˈniak,,
bar,kvw,bar,n,,,,,,,,,ˈbar,,
LX000017,kvw,bar,n,,,,,,,,,ˈbar,,
-bar,kvw,-bar,n,,,,inal,,,,,[C/a]-ˈbar,,
barang,kvw,barang,vi,,,,,,,,,ˈbaraŋ,,
-barang,kvw,-barang,n,,,,inal,,,,,[C/a]-ˈbaraŋ,,
bas,kvw,bas,n,,,,,,,,,ˈbas,,
basar,kvw,basar,n,Malay ‹pasar› 'market' via Tetun ‹basar› 'market'.,,,,,,,,ˈbasar,,
-baseri,kvw,-baseri,n,,seri ; -bakar,,inal,,,,,[C/a]-baˈsɛri,,
bat,kvw,bat,vt,Malay ‹pahat› 'chisel' via Tetun ‹bahat› 'chisel'.,,,,,,,,ˈbat,,
bat_bloing,kvw,bat bloing,n,,,,,,,,,ˈbat ˈbloiŋ ~ ˈbat bəˈloiŋ ~ ˈbat boˈloiŋ,,
beb,kvw,beb,n,"Tetun ‹beba|k› 'stalk or stem of a palm frond, used for buiding walls of houses and panels in fences'.",,,,,,,,ˈbɛb,,
bemberlak,kvw,bemberlak,n,,,,,,,,,bɛmˈbɛrlak,,
-beng,kvw,-beng,n,,,,obl,,,,,[Cɛ-]ˈbɛŋ,,
-ber,kvw,-ber,vi,,,,I_S,,,,,-ˈbɛr,,
besi,kvw,besi,vt,,lebesi,,,,,,,ˈbɛsi,,
beteng,kvw,beteng,vt,,,,,,,,,ˈbɛtɛŋ,,
beting,kvw,beting,n,"Austronesian, cf. PMP *betuŋ 'bamboo of very large diameter, probably Dendrocalamus sp.' (ACD). Possibly from Malay ‹betuŋ› 'elephant bamboo'.",topol,,,,,,,ˈbɛtiŋ,,R003[Borrowed_Word]
betkol,kvw,betkol,n,,,,,,,,,bɛtˈkol ~ bɛtɛˈkol,,
bias,kvw,bias,adv,Malay ‹biasa› 'usually'.,,,,,,,,biˈas,,
bik,kvw,bik,vi,"West Timorese Austronesian, e.g., Helong ‹biki› 'strong'.",,,,,,,,ˈbik,,
bilkai,kvw,bilkai,n,"Unknown Austronesian source, combining a cognate of Makasar ‹bila› 'bael, Aegle marmelos' plus a reflex of *kahiw 'tree, wood' (ACD). In Wersing and the other East Alor languages, there was a semantic shift from 'bael' to 'papaya'. Pantar and West Alor languages retain the meaning 'bael'.",,,,,,,,bilˈkaj ~ biliˈkaj,,R003[Borrowed_Word]
-bir,kvw,-bir,n,,,,inal,,,,,[C/a-]ˈbir,,
-bir_ak,kvw,-bir ak,n+vi,,-bir,,,,,,,[C/a-]ˈbir ˈak,,
LX000018,kvw,-bir kèlut,n,,,,inal,mouth skin,,,,[C/a-]ˈbir kəˈlut ~ [C/a-]ˈbir kuˈlut,,
-bir_tutung,kvw,-bir tutung,n+vi,,-bir ; tutung,,,hot-mouthed,,,,[C/a-]ˈbir ˈtutuŋ,,
birasi,kvw,birasi,vi,,,,,,,,,biˈrasi,,
biresi,kvw,biresi,vi,,,,,,,,,biˈrɛsi,,
biring,kvw,biring,n,,,,,,,,,ˈbiriŋ,,
bisar,kvw,bisar,vi,Malay ‹bicara› 'to speak'.,,,,,,,,biˈsar,,
LX000019,kvw,bisar mèngada,vi,,,,,,,,,biˈsar məˈŋada ~ biˈsar maˈŋada,,
bit,kvw,bit,n,"Central Timorese Austronesian, e.g., Tokodede, Mambae ‹biti› 'sleeping mat'.",,,,,,,,ˈbit,,
biting_makang,kvw,biting makang,n,,,,,,,,,ˈbitiŋ ˈmakaŋ,,
-bitir,kvw,-bitir,n,,,,inal,,,,,[C/a-]ˈbitir,,
bloing,kvw,bloing,vt,,,,,,,,,ˈblojŋ ~ bəˈlojŋ ~ boˈlojŋ,,
bloing_sikeri,kvw,bloing sikeri,vi,,,,,,,,,ˈbloiŋ siˈkɛri ~ bəˈloiŋ siˈkɛri ~ boˈloiŋ siˈkɛri,,
bo,kvw,bo,art,,abo ; obo,,,,,,,bo ~ bu,,
bobung_ayang,kvw,bobung ayang,n,"Austronesian, cf. PMP *bubuŋ 'ridge of the roof; ridge of a mountain, peak; deck of a boat; cover the ridgepole with thatch' (ACD). No known reflexes with approriate semantics in nearby Austronesian languages.",atoku_bobung,,,,,,,ˈbobuŋ aˈjaŋ,,R003[Borrowed_Word]
-bok,kvw,-bok,vt,,,,I_P,,,,,[C/a-]bok,,
boli,kvw,boli,vi,,,,,,,,,ˈboli,,
bong,kvw,bong,n,,,,,,,,,ˈboŋ,,
bong_wor,kvw,bong wor,n,,bong ; wor,,,tree stone,,,,ˈboŋ ˈwor,,
bongkau,kvw,bongkau,n,"Calqued from Malay ‹ubi kayu› 'cassava', literally 'tree tuber'.",bong ; kau,,,tree tuber,,,,ˈboŋkaw,,
borong,kvw,borong,adv,,,,,,,,,ˈboroŋ,,
LX000020,kvw,borong,adv,,,,,,,,,ˈboroŋ,,
bosir,kvw,bosir,n,,,,,,,,,ˈbosir,,
botong,kvw,botong,n,,,,,,,,,ˈbotoŋ,,
braing,kvw,braing,vi,Malay ‹berani› 'brave'.,,,,,,,,ˈbrajŋ,,
bruking,kvw,bruking,n,,LX000240,,,,,,,ˈbrukiŋ,,
buinunuk,kvw,buinunuk,n,,,,,,,,,bujnuˈnuk,,
-bukur,kvw,-bukur,n,,,,inal,,,,,[C/a-]ˈbukur,,
-bul,kvw,-bul,n,,,,inal,,,,,[C/a-]ˈbul,,
bula,kvw,bula,n,,,,,,,,,ˈbula,,
buler,kvw,buler,n,,,,,,,,,buˈlɛr,,
burik,kvw,burik,vi,,,,,,,,,buˈrik,,
butung,kvw,butung,n,,tukuata,,,,,,,ˈbutuŋ,,
LX000021,kvw,bèkar,vt,,,,,,,,,bəˈkar ~ baˈkar,,
LX000022,kvw,bèkar sed,vi,,wong_sed,,,,,,,bəˈkar ˈsɛd ~ baˈkar ˈsɛd,,
LX000023,kvw,bèkot,vt,,,,,,,,,bəˈkot ~ boˈkot,,
LX000024,kvw,bèlas,vt,,LX000219,,,,,,,bəˈlas ~ baˈlas,,
LX000025,kvw,bèlebel,vi,,LX000085,,,,,,,bəˈlɛbɛl ~ bɛˈlɛbɛl,,
LX000026,kvw,bèlet,vt,,,,,,,,,bəˈlɛt ~ bɛˈlɛt,,
dadu,kvw,dadu,n,,,,,,,,,ˈdadu,,
dagang_trai,kvw,dagang trai,vi,Malay ‹dagang› 'trade'.,,,,,,,,ˈdagaŋ traj,,
-dai,kvw,-dai,vi,,wong_dai,,I_S,,,,,[C/a-]ˈdaj,,
dai_alaku,kvw,dai alaku,vi,,,,,,,,,ˈdaj aˈlaku,,
-dai_-mai,kvw,-dai -mai,vi,,,,I_S,come down come across,,,,[C/a-]ˈdaj [C/a-]ˈmaj,,
dakar,kvw,dakar,n,"Likely source Buginese ‹ʤaka› ‘comb’ possibly via a Southeast Sulawesi language, e.g., Tolaki ‹daka› ‘comb’. The final /r/ of the Wersing form is unexplained.",kaikur,,,,,,,ˈdakar,,
daki,kvw,daki,vt,,,,,,,,,ˈdaki,,
dalang,kvw,dalang,vi,"Makasar ‹dalang› 'slow, sluggish, lazy'.",,,,,,,,ˈdalaŋ,,
dali,kvw,dali,vt,,,,,,,,,ˈdali,,
dali_lus,kvw,dali lus,vi,,,,,,,,,ˈdali ˈlus,,
damat,kvw,damat,n,Tokodede ‹damat› 'door'.,,,,,,,,ˈdamat,,
damu,kvw,damu,n,"Central Timorese Austronesian, e.g., Tokodede ‹damu›, Mambae ‹dam ~ damu› 'needle' < PMP *zaRum ‘needle’ (ACD).",,,,,,,,ˈdamu,,R003[Borrowed_Word]
-damuring,kvw,-damuring,n,,,,obl,,,,,[Cɛ]-daˈmuriŋ,,
-dap,kvw,-dap,vt,,le-_-dap,,I_P,,,,,[C/a-]ˈdap,,
de,kvw,de,adv,,,,,,,,,ˈdɛ,,
LX000027,kvw,de ... naung,adv,,de ; naung,,,,,,,ˈdɛ ˈnawŋ,,
deing,kvw,deing,inter,,,,,,,,,ˈdɛjŋ,,
LX000028,kvw,deing,plw,Calque of Austronesian Timor use of the lexical item 'name' as a quantifier.,-deing ; naing,,,,,,,ˈdɛjŋ,,
-deing,kvw,-deing,n,,,,inal,,,,,[C/a-]ˈdɛjŋ,,
deingte,kvw,deingte,inter,,LX000028 ; LX000274,,,,,deing-te,,ˈdɛjŋtɛ ~ ˈdɛjntɛ,,
dek,kvw,dek,n,"Alorese ‹deko› 'trousers', perhaps ultimately from an Eastern Sulawesi language, e.g., Banggai ‹deŋko› 'trousers, pants'.",,,,,,,,ˈdɛk,,
dekeng,kvw,dekeng,n,,,,,,,,,ˈdɛkɛŋ,,
dereng,kvw,dereng,vt,,,,,,,,,ˈdɛrɛŋ,,
diakal,kvw,diakal,vi,,,,,,,,,diˈakal,,
diari,kvw,diari,vt,,,,,,,,,diˈari,,
diking,kvw,diking,n,,,,,,,,,ˈdikiŋ,,
dinel,kvw,dinel,n,Tetun ‹dinela› < Portuguese ‹janela› 'window'.,,,,,,,,ˈdinɛl,,
dings,kvw,dings,n,Malay ‹dinas› < Dutch ‹dienst› 'service'.,,,,,,,,ˈdiŋs,,
-dir,kvw,-dir,vt,,,,I_P,,,,,[C/a-]ˈdir,,
-dir_leng,kvw,-dir leng,vt,,,,I_P,,,,,[C/a-]ˈdir lɛŋ,,
ditok,kvw,ditok,n,,,,,,,,,ˈditok,,
doilis,kvw,doilis,n,,muner,,,,,,,ˈdojlis,,
dok,kvw,dok,n,,,,,,,,,ˈdok,,
dolo_ayang,kvw,dolo ayang,n,,LX000014,,,,,,,ˈdolo ˈajaŋ,,
dring,kvw,dring,n,,,,,,,,,ˈdriŋ,,
LX000029,kvw,dring mèna,n,,,,,bee village,,,,ˈdriŋ məˈna ~ ˈdriŋ maˈna,,
dring_nor,kvw,dring nor,n,,,,,honey master,,,,ˈdriŋ ˈnor,leba nor,
dring_tok,kvw,dring tok,n,,,,,bee palm wine,,,,ˈdriŋ ˈtok,,
du,kvw,du,n,,,,,,,,,ˈdu,,
LX000030,kvw,=du,part,,,,,,,,,=du,,
dudung,kvw,dudung,vi,,,,,,,,,ˈduduŋ,,
dudung_asiding,kvw,dudung asiding,vi,,dudung ; asiding,,,,,,,ˈduduŋ aˈsidiŋ,,
dukung,kvw,dukung,n,,prekeng,,,,,,,ˈdukuŋ,,
duli,kvw,duli,n,,,,,,,,,ˈduli,,
dulipak,kvw,dulipak,n,,,,,,,,,ˈdulipak,,
dum,kvw,dum,n,,,,,,,,,ˈdum,,
LX000031,kvw,dum,vi,,,,,,,,,ˈdum,,
dum_pei,kvw,dum pei,n,,,,,forest pig,,,,ˈdum pɛj,,
dupaing,kvw,dupaing,n,,,,,,,,,ˈdupajn,,
durki,kvw,durki,n,,,,,,,,,ˈdurki,,
LX000032,kvw,dèlang,adv,,,,,,,,,dəˈlaŋ ~ daˈlaŋ,,
LX000033,kvw,dèlang,vi,,,,,,,,,dəˈlaŋ ~ daˈlaŋ,,
LX000034,kvw,dèlang lomu,vi,,,,,speak bright,,,,dəˈlaŋ ˈlomu ~ daˈlaŋ ˈlomu,,
LX000035,kvw,dèle,vt,,,,,,,,,dəˈlɛ ~ dɛˈlɛ,,
LX000036,kvw,dèlok,vi,,,,,,,,,dəˈlok ~ doˈlok,,
LX000037,kvw,dèra,vi,,,,,,,,,dəˈra ~ daˈra,,
LX000038,kvw,dèra,n,,,,,,,,,dəˈra ~ daˈra,,
LX000039,kvw,dèra,n,,,,,,,,,dəˈra ~ daˈra,,
LX000040,kvw,dèra sek,n,,,,,,,,,dəˈra ˈsɛk ~ daˈra ˈsɛk,,
LX000041,kvw,dèra sek,vi,,,,,,,,,dəˈra ˈsɛk ~ daˈra ˈsɛk,,
LX000042,kvw,dère,n,,,,,,,,,dəˈrɛ ~ dɛˈrɛ,,
e-,kvw,e-,prefix,,,,,,,,,ɛ-,,
LX000043,kvw,=e,tag,,taipe,,,,,,,=e,,
ebur,kvw,ebur,adv,,ayebur,,,,,,,ɛˈbur,,
ek,kvw,ek,n,,beting,,,,,,,ˈɛk,,
enal,kvw,enal,pro,,,,,,,,,ɛˈnal,,
er,kvw,er,vi,,sok,,,,,,,ˈɛr,,
LX000044,kvw,er,clf,,,,,,,,,ˈɛr,,
-eri,kvw,-eri,vt,,-natutuk ; -eri_-natutuk,,I_P,,,,,[C-]ˈɛri,,
-eri_-natutuk,kvw,-eri -natutuk,vt,,-natutuk,,I_P,,,,,[C-]ˈɛri [C/a-]ˈnatutuk,,
-erkoda,kvw,-erkoda,n,,,,inal,,,,,[C-]ɛrˈkoda,,
esal,kvw,esal,n,,sal,,,,,,,ˈɛsal,,
esel,kvw,esel,vi,,LX000233,,,,,,,ˈɛsɛl,,
eseng,kvw,eseng,vi,,,,,,,,,ˈɛsɛŋ,,
-et_se,kvw,-et se,vt,,LX000246,,I_A,,,,,[C-]ˈɛt sɛ,,
eta,kvw,eta,pro,,,,,,,,,ˈɛta,,
-ete_boli,kvw,-ete boli,vt,,boli,,I_S/A,,,,,[C-]ˈɛtɛ ˈboli,,
-ete_kang,kvw,-ete kang,vt,,,,I_S/A,,,,,[C-]ˈɛtɛ ˈkaŋ,,
-eti_yer,kvw,-eti yer,vi,,yer ; yer_salu,,I_S,,,,,[C-]ˈɛti ˈjɛr,,
ewe,kvw,ewe,pro,,,,,,,,,ɛˈwɛ,,
eweng,kvw,eweng,pro,,,,,,,,,ˈɛwɛŋ,,
g-,kvw,g-,prefix,,,,,,,,,g- ~ gə-,gè-,
ga-,kvw,ga-,prefix,,,,,,,,,ga-,,
gadi,kvw,gadi,pro,,,,,,,,,ˈgadi,,
gai,kvw,gai,pro,,,,,,,,,ˈgaj,,
gai-,kvw,gai-,prefix,,,,,,,,,gaj-,,
gaida,kvw,gaida,pro,,,,,,,,,ˈgajda,,
galung,kvw,galung,n,,ilal,,,,,,,ˈgaluŋ,,
ganing,kvw,ganing,n,,aning,,inal,,,g-aning,,gaˈniŋ,,
LX000045,kvw,ganing,clf,,,,,,,,,gaˈniŋ ~ gəˈniŋ,gèning,
gapa,kvw,gapa,n,,apa,,inal,,,g-apa,,ˈgapa,,
gawi,kvw,gawi,pro,,,,,,,,,gaˈwi,,
LX000046,kvw,gawi,adv,,,,,,,,,gaˈwi,,
gayang,kvw,gayang,n,,LX000014,,inal,,,g-ayang,,gaˈjaŋ,,
ge,kvw,ge,adv,,,,,,,,,gɛ,,
ge-,kvw,ge-,prefix,,,,,,,,,gɛ-,,
gea,kvw,gea,vi,,,,,,,,,gɛˈa,,
geina,kvw,geina,adv,,,,,,,,,ˈgɛjna,gei,
genal,kvw,genal,pro,,,,,,,,,gɛˈnal,,
geta,kvw,geta,pro,,,,,,,,,ˈgɛta,,
geti,kvw,geti,vt,,,,,,,,,ˈgɛti,,
LX000047,kvw,geti,vi,,,,,,,,,ˈgɛti,,
gewe,kvw,gewe,pro,,,,,,,,,gɛˈwɛ,,
geweng,kvw,geweng,pro,,gewengsi ; gewengte ; gewengpo,,,,,,,ˈgɛwɛŋ,,
gewengpo,kvw,gewengpo,conj,,geweng ; LX000218,,,,,geweng-po,,ˈgɛwɛŋpo ~ ˈgɛwɛmpo,,
gewengsi,kvw,gewengsi,conj,,geweng ; LX000248,,,,,geweng-si,,ˈgɛwɛŋsi ~ ˈgɛwɛnsi,,
gewengte,kvw,gewengte,conj,,geweng ; LX000274,,,,,geweng-te,,ˈgɛwɛŋtɛ ~ ˈgɛwɛntɛ,,
ginuk,kvw,ginuk,pro,,,,,,,,,giˈnuk ~ gəˈnuk,gènuk,
gresing,kvw,gresing,adv,"Tokodede ‹geresi ~ geresin› used in augmenting numerals. Other Timorese languages have a form such as ‹resi ~ resin›, making Tokodede the only candidate for this borrowing.",,,,,,,,ˈgrɛsiŋ ~ gəˈrɛsiŋ ~ gɛˈrɛsiŋ,weresing,
guru,kvw,guru,n,,guru_kabu,,,,,,,ˈguru,,
guru_kabu,kvw,guru kabu,n,,,,,,,,,ˈguru ˈkabu,,
LX000048,kvw,gèbak,n,,bakal,,,,,,,gəˈbak ~ gaˈbak,,
LX000049,kvw,gèbaka,pro,,,,,,,,,gəˈbaka ~ gaˈbaka,,
LX000050,kvw,gèmarang,pro,,,,,,,,,gəˈmaraŋ ~ gaˈmaraŋ,,
LX000051,kvw,gènaing,pro,,,,,,,,,gəˈnajŋ ~ gaˈnajŋ,,
LX000052,kvw,gènasu,pro,,,,,,,,,gəˈnasu ~ gaˈnasu,,
LX000053,kvw,gènasu-gènasu,pro,,LX000052,,,,,gènasu~gènasu,,gənasu~gəˈnasu ~ ganasu~gaˈnasu,,
LX000054,kvw,gèteing,adv,,LX000348,,,,,,,gəˈtɛjŋ ~ gɛˈtɛjŋ,,
LX000055,kvw,gètum,vt,,,,,,,,,gəˈtum ~ guˈtum,,
idem,kvw,idem,n,,olik ; idem_olik,,,,,,,iˈdɛm,,
idem_olik,kvw,idem olik,n,,idem ; olik,,,,,,,iˈdɛm oˈlik,,
idem_saku,kvw,idem saku,intj,,,,,,,,,iˈdɛm ˈsaku,,
ik,kvw,ik,vi,,,,,,,,,ˈik,,
iko,kvw,iko,n,,,,obl,,,,,iˈko,,
ikpang,kvw,ikpang,adv,,ikpid,,,,,,,ikˈpaŋ ~ ikiˈpaŋ,,
ikpid,kvw,ikpid,adv,,ikpang,,,,,,,ikˈpid ~ ikiˈpid,,
ilal,kvw,ilal,n,,,,,,,,,iˈlal,,
ilel,kvw,ilel,vt,,,,,,,,,iˈlɛl,,
ilemel,kvw,ilemel,vt,,,,,,,,,iˈlɛmɛl,,
-iling,kvw,-iling,n,,,,obl,,,,,[Cɛ-]ˈiliŋ,,
ilu,kvw,ilu,n,,ira_kou ; ira_kowali,,,,,,,iˈlu,,
inali,kvw,inali,vi,,,,,,,,,iˈnali,,
inem,kvw,inem,n,,,,,,,,,iˈnɛm,,
ing,kvw,ing,adv,,,,,,,,,ˈiŋ,,
ini,kvw,ini,n,,,,,,,,,iˈni,,
inino,kvw,inino,vi,,,,,,,,,inˈino,,
inipak,kvw,inipak,n,,,,,,,,,iniˈpak,,
inising,kvw,inising,adv,,,,,,,,,iˈnisiŋ,,
ino,kvw,ino,adv,,,,,,,,,iˈno,,
inuku,kvw,inuku,n,,,,,,,,,iˈnuku,,
ipte,kvw,ipte,adv,,,,,,,,,ˈiptɛ ~ ipitɛ,,
ira,kvw,ira,n,,,,,,,,,iˈra,,
ira_bok,kvw,ira bok,n,,alo ; LX000056,,,,,,,iˈra ˈbok,,
LX000056,kvw,ira gènir,n,"Likely calque of Malay ‹mata air› 'spring', literally 'water eye'.",,,,eye of water,,,,iˈra gəˈnir ~ iˈra giˈnir,,
ira_kou,kvw,ira kou,n,,ira_kowali,,,,,,,iˈra kou,,
ira_kowali,kvw,ira kowali,n,,ira_kou,,,,,,,iˈra koˈwali,,
ira_taing,kvw,ira taing,n,,,,,,,,,iˈra ˈtaiŋ,,
ira_-weli,kvw,ira -weli,vt,,ira ; -weli,,I_P,,,,,iˈra [C/a-]ˈwɛli,,
irada,kvw,irada,vi,,LX000309,,,,,,,iˈrada,,
iraing,kvw,iraing,vi,,,,,,,,,iˈrajŋ,,
ire,kvw,ire,vi,,,,,,,,,iˈrɛ,,
irebeng,kvw,irebeng,vi,,,,,,,,,iˈrɛbɛŋ,,
ireng,kvw,ireng,vt,,,,,,,,,iˈrɛŋ,,
ires,kvw,ires,vi,,,,,,,,,iˈrɛs,,
iring,kvw,iring,vi,,,,,,,,,iˈriŋ,,
iruk,kvw,iruk,vi,,,,,,,,,iˈruk,,
-is,kvw,-is,n,"Austronesian, cf. PMP *isi 'flesh (of humans, animals, fruits, tubers); contents; blade of a knife; inhabitants, residents' (ACD). The immediate source of borrowing is not known. The semantic shift of contents to body is commonly associated with reflexes of *isi in Timorese Austronesian languages, e.g., Tokodede ‹isi› 'body, flesh', Hresuk ‹isi|k› 'meat, body', Tetun ‹isi|n› 'body'.",,,inal,,,,,[C-]ˈis,,R003[Borrowed_Word]
-is_-bak,kvw,-is -bak,n,"-is < Austronesian, cf. PMP *isi 'flesh (of humans, animals, fruits, tubers); contents; blade of a knife; inhabitants, residents' (ACD); -bak 'body' < Austronesian, cf. PMP *hawak ˈwaist, back of the waistˈ (ACD). The immediate source of borrowing is not known. The same lexical parallelism for 'body' is found in nearby Austronesian languages, e.g., Wetar ‹isir-wewaki› 'body'.",-is,,inal,,,,,[C-]ˈis [C/a-]bak,,R003[Borrowed_Word]
-is_boli,kvw,-is boli,n+vi,,-is,,,bad-bodied,,,,[C-]ˈis ˈboli,,
LX000057,kvw,-is legèpai,n+vt,,-is ; LX000095,,,extend one's body,,,,[C-]ˈis lɛgəˈpaj ~ [C-]ˈis lɛgaˈpaj,,
isik,kvw,isik,vt,"Likely Austronesian, cf. Malay ‹sisik› 'scale of fish'",,,,,,,,iˈsik,,
itu,kvw,itu,vt,,,,,,,,,iˈtu,,
iwe,kvw,iwe,prep,,LX000058,,,,,,,iˈwɛ,,
LX000058,kvw,iwe ... gèning,circump,,iwe,,,,,,,iˈwɛ ... gəˈniŋ ~ iˈwɛ ... giˈniŋ,,
iyut,kvw,iyut,vi,,,,,,,,,iˈjut,,
kadang,kvw,kadang,n,,LX000264,,,,,,,ˈkadaŋ,,
kaibilak,kvw,kaibilak,n,"Likely Austronesian borrowing; Initial element kai- is a reflex of PMP *kahiw 'tree, wood'",,,,,,,,kajˈbilak,,
kaikur,kvw,kaikur,n,"Austronesian borrowing, likely reflecting < compound of PMP *kahiw ‘tree, wood’, PMP *kuRis ‘scratch’ (ACD).",lekuri,,,,,,,ˈkajkur,,R003[Borrowed_Word]
-kaka_boli,kvw,-kaka boli,n,,,,obl,,,,,[Cɛ-]ˈkaka ˈboli,,
-kaku,kvw,-kaku,n,,-nang,,obl,,,,,[Cɛ-]ˈkaku,,
kakus,kvw,kakus,n,Dutch ‹kak huis› 'crap house' via Malay ‹kakus›.,,,,,,,,ˈkakus,,
kalang,kvw,kalang,n,,,,,,,,,ˈkalaŋ,,
-kalang_iko,kvw,-kalang iko,n,,,,obl,kusambi seed,,,,[Cɛ-]ˈkalaŋ iˈko,,
Kalangbas,kvw,Kalangbas,n,,,,,,,,,ˈkalaŋbas,,
kali_koli,kvw,kali koli,n,,,,,,,,,ˈkali ˈkoli,,
kalulung,kvw,kalulung,n,"Austronesian, cf. PMP *qalunan 'wooden headrest, pillow'. Probably a corruption of Malay ‹kalang hulu› 'pillow'.",,,,,,,,kaˈluluŋ,,
kamar,kvw,kamar,n,Malay ‹kamar› < Dutch ‹kamer› 'room'.,,,,,,,,ˈkamar,,
kana,kvw,kana,adv,,,,,,,,,ˈkana,,
kander,kvw,kander,n,Alorese ‹kandera› < Portuguese ‹cadeira› 'chair'.,,,,,,,,kanˈdɛr,,
kang,kvw,kang,vi,,boli,,,,,,,ˈkaŋ,,
kape,kvw,kape,n,Tetun ‹kafe› < Portuguese ‹café› 'coffee'.,,,,,,,,ˈkapɛ,,
kapo,kvw,kapo,adv,,LX000260,,,,,,,ˈkapo,,
kari,kvw,kari,n,,,,,,,,,ˈkari,,
-kari,kvw,-kari,vi,,,,I_S,,,,,[C/a-]ˈkari,,
kasal,kvw,kasal,vi,"Malay ‹kasar› 'rough, coarse'. Unexplained r > l.",,,,,,,,ˈkasal,,
kasu,kvw,kasu,n,"Central Timorese Austronesian, e.g., Tokodede, Mambae ‹kaso› 'bean, pea'.",,,,,,,,ˈkasu,,
katang,kvw,katang,vi,,,,,,,,,ˈkataŋ,,
kau,kvw,kau,n,,,,,,,,,ˈkaw,,
kau_kol,kvw,kau kol,n,,,,,,,,,ˈkaw ˈkol,,
-kawai,kvw,-kawai,vt,,,,I_P,,,,,[C/a-]ˈkawaj,,
keli,kvw,keli,n,,LX000089,,,,,,,ˈkɛli,,
keli_beli,kvw,keli beli,n,,,,,,,,,ˈkɛli ˈbɛli,,
keng,kvw,keng,n,Likely borrowing of Malay ‹kain› 'cloth'.,,,,,,,,ˈkɛŋ,,
keng_badu,kvw,keng badu,n,,keng ; badu,,,,,,,ˈkɛŋ ˈbadu,,
keng_lol,kvw,keng lol,vi,,keng,,,,,,,ˈkɛŋ ˈlol,,
kengel,kvw,kengel,vi,,,,,,,,,ˈkɛŋɛl,,
Keser,kvw,Keser,n,,,,,,,,,ˈkɛsɛr,,
kespak,kvw,kespak,n,,,,,,,,,ˈkɛspak,,
ket,kvw,ket,n,,,,,,,,,ˈkɛt,,
-ket,kvw,-ket,vi,,,,I_S,,,,,ˈkɛt,,
ket_sruing,kvw,ket sruing,n,,ket ; sruing,,,thunder sword,,,,ˈkɛt ˈsruiŋ ~ ˈkɛt səˈruiŋ,,
-ket_uli-uli,kvw,-ket uli-uli,vi,,,,I_S,,,,,[C/a-]ˈkɛt uli~ˈuli,,
kibilko,kvw,kibilko,n,,,,,,,,,kiˈbilko,,
kibir,kvw,kibir,vi,,,,,,,,,ˈkibir,,
kid,kvw,kid,adv,,,,,,,,,ˈkid,,
kik,kvw,kik,n,,kik_lau,,obl,,,,,ˈkik,,
kik_lau,kvw,kik lau,n,,kik,,,,,,,ˈkik ˈlaw,,
kikil,kvw,kikil,n,,,,,,,,,ˈkikil,,
kil,kvw,kil,n,,,,,,,,,ˈkil,,
-kil,kvw,-kil,n,,LX000076,,inal,,,,,[C/a-]ˈkil,,
kilapi,kvw,kilapi,n,,,,,,,,,kiˈlapi,,
kilar,kvw,kilar,n,,,,,,,,,ˈkilar,,
kinai,kvw,kinai,n,Likely borrowing of Tokodede ‹giniu› 'knife'.,,,,,,,,kiˈnaj,,
kinaring,kvw,kinaring,n,Likely borrowing ‹kenari› 'canarium'. The final velar nasal in Wersing is unexplained.,,,,,,,,kiˈnariŋ,,
-king,kvw,-king,n,,LX000060 ; LX000059 ; -sorong_-king,,inal,,,,,[C/a-]ˈkiŋ,,
LX000059,kvw,-king mèdit,n+vi,,-king ; LX000165,,,breath sick,,,,[C/a-]ˈkiŋ məˈdit ~ [C/a-]ˈkiŋ miˈdit,,
LX000060,kvw,-king sèsai,n+vi,,-king,,,,,,,[C/a-]ˈkiŋ səˈsaj ~ [C/a-]ˈkiŋ saˈsaj,,
kir,kvw,kir,vt,,,,,,,,,ˈkir,,
Kiralang,kvw,Kiralang,n,,,,,,,,,kiˈralaŋ,,
Kiramang,kvw,Kiramang,n,,,,,,,,,kiˈramaŋ,,
-kiskol,kvw,-kiskol,vt,,,,I_P,,,,,[C/a-]kisˈkol ~ [C/a-]kisiˈkol,,
ko,kvw,ko,vi,,ko_sui ; leko ; LX000292,,,,,,,ˈko,,
-ko,kvw,-ko,vi,,mi-_-ko ; mi-_-ko,,I_S,,,,,[C/a-]ˈko,,
ko_sui,kvw,ko sui,vi,,ko,,,,,,,ˈko ˈsui,,
koa,kvw,koa,n,,,,,,,,,ˈkoa,,
koi_bat,kvw,koi bat,n,,,,,,,,,ˈkoj ˈbat,koi,
kol_kas,kvw,kol kas,n,"Likely reflects a separate borrowing of a compound with Central Timorese Austronesian, e.g., Tokodede, Mambae ‹kaso› 'bean, pea'.",kasu,,,,,,,ˈkol ˈkas,,
kol_teng,kvw,kol teng,n,"Certainly borrowed, given the plant is introduced. Possibly related to the widely found name for marongga in south-eastern Indonesia, ‹kelor›.",,,,,,,,kol ˈtɛŋ,,
Kolang,kvw,Kolang,n,,,,,,,,,ˈkolaŋ,,
koli,kvw,koli,vt,,,,,,,,,ˈkoli,,
kome,kvw,kome,n,,,,,,,,,ˈkomɛ,,
konto,kvw,konto,n,Dutch konto 'account'.,lekonto,,,,,,,ˈkonto,,
kor,kvw,kor,n,,,,,,,,,ˈkor,,
LX000061,kvw,kor,vi,,,,,,,,,ˈkor,,
kot,kvw,kot,n,"Malay ‹kota›, ultimately from Sanskrit ‹koṭṭa› 'city'.",,,,,,,,ˈkot,,
kowai,kvw,kowai,vi,,,,,,,,,ˈkowaj,,
kowas,kvw,kowas,vi,"Malay ‹kuasa› 'power, force, might, vigor, able, capable, having the ability', ulitmately from Sanskrit ‹vaśa› 'will, wish, desire'. Possible intermediate in South or Southeast Sulawesi, e.g., Tolaki ‹kawasa› 'rich'.",,,,,,,,koˈwas,,
kowas_bis,kvw,kowas bis,vi,,kowas,,,,,,,koˈwas ˈbis,,
kriba,kvw,kriba,vt,,,,,,,,,ˈkriba,,
krik,kvw,krik,n,,,,,,,,,ˈkrik,,
-ku,kvw,-ku,n,,,,obl,,,,,[Cɛ-]ˈku,,
kuasi,kvw,kuasi,n,,,,,,,,,kuˈasi,,
kubung,kvw,kubung,n,,,,,,,,,ˈkubuŋ,,
-kui,kvw,-kui,vi,,,,II_S,,,,,[Cɛ]-ˈkuj,,
kula,kvw,kula,n,,,,,,,,,kuˈla,,
kulak,kvw,kulak,n,,,,,,,,,kuˈlak,,
kulau,kvw,kulau,n,,,,,,,,,kuˈlaw,,
kuli,kvw,kuli,adv,,,,,,,,,kuˈli,,
kum,kvw,kum,vi,,,,,,,,,ˈkum,,
kum_-mit,kvw,kum -mit,vi,,,,I_S,,,,,ˈkum [C/a-]mit,,
kum_pak,kvw,kum pak,vi,,,,,,,,,ˈkum ˈpak,,
kumakar,kvw,kumakar,vi,,,,,,,,,kuˈmakar,,
kumes,kvw,kumes,vi,,,,,,,,,kuˈmɛs,,
kur,kvw,kur,vi,,lekur,,,,,,,ˈkur,,
-kureng,kvw,-kureng,n,,,,obl,,,,,[Cɛ-]kuˈrɛŋ,,
kurung,kvw,kurung,vi,"Malay ‹kurang› 'not enough, insufficient; few, less'.",LX000062,,,,,,,ˈkuruŋ,,
LX000062,kvw,kurung kèlaba,n,,kurung,,,,,,,ˈkuruŋ kəˈlaba ~ ˈkuruŋ kaˈlaba,,
kusing,kvw,kusing,n,,,,,,,,,kuˈsiŋ,,
kutual,kvw,kutual,n,,,,,,,,,kuˈtual,,
LX000063,kvw,kèbaba,vt,"Timor Austronesian, e.g., Tetun baban 'patch, mend', Tetun ka|baban 'concealed, hidden (behind something)'.",LX000099,,,,,,,kəˈbaba ~ kaˈbaba,,
LX000064,kvw,kèbai,vi,,,,,,,,,kəˈbaj ~ kaˈbaj,,
LX000065,kvw,kèbai,vt,,,,,,,,,kəˈbaj ~ kaˈbaj,,
LX000066,kvw,kèbasi,n,,,,,,,,,kəˈbasi ~ kaˈbasi,,
LX000067,kvw,kèbu,n,"Possible borrowing of Tokodede ‹kabu› 'stomach, womb; pregnant'.",,,,,,,,kəˈbu ~ kuˈbu,,
LX000068,kvw,kèbu kèpe,n,,LX000067 ; LX000080,,,navel's rope,,,,kəˈbu kəˈpɛ ~ kuˈbu kəˈpɛ,,
LX000069,kvw,kèbul,n,,,,,,,,,kəˈbul ~ kuˈbul,,
LX000070,kvw,kèdar,n,,,,,,,,,kəˈdar ~ kaˈdar,,
LX000071,kvw,kèdeli,vt,,,,,,,,,kəˈdɛli ~ kɛˈdɛli,,
LX000072,kvw,kèdesi,n,,,"The Wersing do not usually eat sago. However, in the past, sago was one of the trading goods brought to Alor by people from Maluku, such as Kisar.",,,,,,kəˈdɛsi ~ kɛˈdɛsi,,
LX000073,kvw,kèdil,n,,,,,,,,,kəˈdil ~ kiˈdil,,
LX000074,kvw,kèlal,n,,,,,,,,,kəˈlal ~ kaˈlal,,
LX000075,kvw,kèlesi,n,,,,obl,,,,,kəˈlɛsi ~ kɛˈlɛsi,,
LX000076,kvw,-kèlesing,n,,-kil,,obl,,,,,[Cɛ-]kəˈlɛsi ~ [Cɛ-]kɛˈlɛsi,,
LX000077,kvw,kèlokul,vi,,,,,,,,,kəˈlokul ~ koˈlokul,,
LX000078,kvw,kèlungbong,n,"Reanalysis of Malay ‹kelumpang› as bimorphemic, with the final syllable of Malay -pang being equated with Wersing bong 'tree'.",,,,,,,,kəˈluŋboŋ ~ kuˈluŋboŋ,,
LX000079,kvw,kèlut,n,"Tokodede ‹kluta ~ kuˈluta› 'skin' < PMP *kulit 'skin, hide, rind, bark' (ACD).",,,obl,,,,,kəˈlut ~ kuˈlut,,R003[Borrowed_Word]
LX000080,kvw,kèpe,n,,,,,,,,,kəˈpɛ ~ kɛˈpɛ,,
LX000081,kvw,kèpir,vt,,,,,,,,,kəˈpir ~ kiˈpir,,
LX000082,kvw,kèrau,n,,,,,,,,,kəˈraw ~ kaˈraw,,
LX000083,kvw,kèrup,vi,,,,,,,,,kəˈrup ~ kuˈrup,,
LX000084,kvw,kèrusi,n,,,,,,,,,kəˈrusi ~ kuˈrusi,,
LX000085,kvw,kèwali,vi,,LX000025 ; LX000100,,,,,,,kəˈwali ~ kaˈwali,,
-ladi,kvw,-ladi,vi,,,,I_S,,,,,[C/a-]ˈladi,,
ladi_-tati,kvw,ladi -tati,vi,,,,I_S,,,,,ˈladi [C/a-]ˈtati,,
lai,kvw,lai,vi,,,,,,,,,ˈlaj,,
lailol,kvw,lailol,vi,,wong_lailol,,,,,,,ˈlajlol,,
-laing,kvw,-laing,vt,,,,I_P,,,,,[C/a-]ˈlajŋ,,
laisong,kvw,laisong,n,"West Timorese Austronesian, e.g., Uab Meto ‹laisona› 'onion', probably via South Sulawesi, e.g., Makasar ‹lasuna›, but ultimately from Sanskrit ‹rasuna›.",,,,,,,,ˈlajsoŋ,,
-laitaing,kvw,-laitaing,vt,,,,I_P,,,,,[C/a-]ˈlajtajŋ,,
lak,kvw,lak,vt,,,,,,,,,ˈlak,,
LX000086,kvw,lak,n,,,,obl,,,,,ˈlak,,
lakal,kvw,lakal,vi,,,,,,,,,ˈlakal,,
lakal_-mai,kvw,lakal -mai,vi,,,,I_S,hang come,,,,ˈlakal [C/a-]ˈmaj,,
lalang,kvw,lalang,vi,,LX000087 ; LX000165,,,,,,,ˈlalaŋ,,
-lalang,kvw,-lalang,n,,,,inal,,,,,[C/a-]ˈlalaŋ,,
LX000087,kvw,-lalang,vi,,lalang,,IV_S,,,,,[Caj-]ˈlalaŋ,,
-lali,kvw,-lali,vi,,,,I_S,,,,,[C/a-]ˈlali,,
-laling,kvw,-laling,n,,,,obl,,,,,ˈlaliŋ,,
lang,kvw,lang,n,,,,,,,,,ˈlaŋ,,
Lantok,kvw,Lantok,n,,,,,,,,,ˈlantok,,
lapori,kvw,lapori,n,,,,,,,,,laˈpori,,
lasu,kvw,lasu,vi,,,,,,,,,ˈlasu,,
lat,kvw,lat,vi,"Austronesian, cf. PMP *dataR ‘flat, flat or level land’ (ACD). No known nearby language evidencing a reflex of this item and the sound change *d > l.",,,,,,,,ˈlat,,R003[Borrowed_Word]
LX000088,kvw,lat tèresi,vi,,lat ; LX000320,,,,,,,ˈlat təˈrɛsi ~ ˈlat tɛˈrɛsi,,
latal,kvw,latal,n,"Reduction of Arabic ‹allah taʔala› likely via a South Sulawesi language, e.g., Makasar ‹alla taʔala› 'god'.",,,,,,,,ˈlatal,,
latu,kvw,latu,vi,,LX000011,,,,,,,ˈlatu,,
latuti,kvw,latuti,vt,,,,,,,,,laˈtuti,,
LX000089,kvw,latèper,n,,keli,,,,,,,latəˈpɛr ~ latɛˈpɛr,,
lau,kvw,lau,vt,,,,,,,,,ˈlaw,,
le-,kvw,le-,prefix,,mi-,,,,,,,lɛ-,,
-le,kvw,-le,suffix,,,,,,,,,-lɛ,,
le-_-dap,kvw,le- -dap,vt,,-dap,,I_P,,,le- -dap,,lɛ-[C/a-]ˈdap,,
le-_-lol,kvw,le- -lol,vt,,-lol,,I_P,,,le- -lol,,lɛ-[C/a]-ˈlol,,
le-_-ma,kvw,le- -ma,vt,,LX000140,,I_A,,,le- -ma,,lɛ-[C/a]-ˈma,,
le-_-meing,kvw,le- -meing,vi,,-meing,,I_S,,,le- -meing,,lɛ-[C/a]-ˈmɛjŋ,,
le-_-mit,kvw,le- -mit,vt,,-mit,,I_A,,,le- -mit,,lɛ-[C/a]-ˈmit,,
le-_-mur,kvw,le- -mur,vt,,-mur,,I_A(.III_P),,,le- -mur,,lɛ-[C/a]-ˈmur,,
le-_-ning,kvw,le- -ning,vi,,,,I_S,,,le- -ning,,lɛ-[C/a]-ˈniŋ,,
le-_-nusar,kvw,le- -nusar,vt,,LX000315,,I_P,,,le- -nusar,,lɛ-[C/a-]ˈnusar,,
le-_-seser,kvw,le- -seser,vi,,-seser,,I_S,,,le- -seser,,lɛ-[C/a]-ˈsɛsɛr,,
le-_-tai,kvw,le- -tai,vt,,-tai,,I_P,,,le- -tai,,lɛ-[C/a-]ˈtaj,,
le-_-tati,kvw,le- -tati,vt,,-tati ; mi-_-tati,,I_A,,,le- -tati,,lɛ-[C/a-]ˈtati,,
le-_-wamal,kvw,le- -wamal,vt,,-wamal,,I_A(.III_P),,,le- -wamal,,lɛ-[C/a]-ˈwamal,,
le-_-welak,kvw,le- -welak,vt,,-welak,,I_A,,,le- -welak,,lɛ-[C/a]-ˈwɛlak,,
le-_-ya,kvw,le- -ya,vt,,LX000347,,II_A,,,le- -ya,,lɛ-[Cɛ-]ˈja,,
le-_-yatu,kvw,le- -yatu,vt,,-yatu,,I_P,,,le- -yatu,,lɛ-[C/a]-ˈjatu,,
le-_-yepeng,kvw,le- -yepeng,vt,,,,I_A,,,le- -yepeng ; -yepeng,,lɛ-[C/a-]ˈjɛpɛŋ ~ lɛ-[C/a-]ˈɛpɛŋ,,
leadu,kvw,leadu,vt,,,,,,,le-adu,,lɛˈadu ~ laˈˀadu ~ ˈlaːdu,,
lealoi,kvw,lealoi,vt,,aloi,,,,,le-aloi,,lɛaˈloj,,
learam,kvw,learam,n,,aram,,,,,le-aram,,lɛaˈram,,
leato,kvw,leato,vt,,ato_amuing,,,,,le-ato,,lɛaˈto,,
leayarang_-tati,kvw,leayarang -tati,vt,,ayarang ; -tati,,I_A,,,le-ayarang,,lɛaˈjaraŋ [C/a-]ˈtati,,
lebal,kvw,lebal,vi,,bal,,,,,le-bal,,lɛˈbal,,
lebarang,kvw,lebarang,vi,,barang,,,,,le-barang,,lɛˈbaraŋ,,
lebesi,kvw,lebesi,vt,,besi,,,,,le-besi,,lɛˈbɛsi,,
lebisar,kvw,lebisar,vt,,bisar,,,,,le-bisar,,lɛˈbisar,,
leboli,kvw,leboli,vi,,boli ; LX000134,,,,,le-boli,,lɛˈboli,,
-leboli,kvw,-leboli,vi,,boli ; leboli,,III_S,,,le-boli,,[C/a]-lɛˈboli,,
LX000090,kvw,lebèlebel,vt,,LX000025,,,,,le-bèlebel,,lɛbəˈlɛbɛl ~ lɛbɛˈlɛbɛl,,
LX000091,kvw,-lebèlet,vt,,LX000026,,III_P,,,le-bèlet,,[Ca-]lɛbəˈlɛt ~ [Ca-]lɛbɛˈlɛt,,
led,kvw,led,vt,,,,,,,,,ˈlɛd,,
ledali,kvw,ledali,vt,,dali,,,,,le-dali,,lɛˈdali,,
leded,kvw,leded,vt,,,,,,,,,lɛˈdɛd,,
ledekeng,kvw,ledekeng,vt,,dekeng,,,,,le-dekeng,,lɛˈdɛkɛŋ,,
ledudung,kvw,ledudung,vt,,dudung,,,,,le-dudung,,lɛˈduduŋ,,
LX000092,kvw,ledèra,vt,,LX000039,,,,,le-dèra,,lɛdəˈra ~ lɛdaˈra,,
leer,kvw,leer,vt,,LX000044,,,,,le-er,,lɛˈˀɛr,,
leesel,kvw,leesel,vi,,esel,,,,,le-esel,,lɛˈˀɛsɛl,,
legeti,kvw,legeti,vt,,LX000047,,,,,le-geti,,lɛˈgɛti,,
LX000093,kvw,legèdar,vt,,,,(III_P),,,le-gèdar,,lɛgəˈdar ~ lɛgaˈdar,,
LX000094,kvw,legèmit,vt,,-mit,,,,,le-g-mit,,lɛgəˈmit ~ lɛgiˈmit,,
LX000095,kvw,legèpai,vt,,-pai,,,,,le-g-pai,,lɛgəˈpaj ~ lɛgaˈpaj,,
LX000096,kvw,legètaing,vt,,LX000271,,(III_P),,,le-g-taing,,lɛgəˈtajŋ ~ lɛgaˈtajŋ,,
LX000097,kvw,legèwari,vt,,LX000339,,,,,le-g-wari,,lɛgəˈwari ~ lɛgaˈwari,,
lekat,kvw,lekat,vt,,,,,,,,,lɛˈkat,,
LX000098,kvw,lekat,vi,,,,,,,,,lɛˈkat,,
lekatang,kvw,lekatang,vt,,katang,,,,,le-katang,,lɛˈkataŋ,,
-leki,kvw,-leki,vt,Dutch ‹reken|en› 'count'.,,,I_P,,,,,[C/a-]ˈlɛki,,
leko,kvw,leko,vt,,ko,,(III_P),,,le-ko,,lɛˈko,,
lekoi,kvw,lekoi,vt,"Possible Austronesian borrowing, cf. PMP *leku 'bend, fold, folding part of the body; curl up on the ground, of an animal' (ACD). Known reflexes in Austronesian languages in Timor do not fit well with meaning in Wersing, e.g., Tokodede ‹leku› 'cross legs or arms', ‹k|leku› 'bent, crooked'.",,,,,,,,lɛˈkoj,,R003[Borrowed_Word]
lekonto,kvw,lekonto,vt,,konto,,,,,le-konto,,lɛˈkonto,,
lekum,kvw,lekum,vt,,kum,,,,,le-kum,,lɛˈkum,,
lekur,kvw,lekur,vt,,kur,,,,,le-kur,,lɛˈkur,,
lekuri,kvw,lekuri,vt,"Austronesian, cf. PMP *kuRis ‘scratch’ (ACD). Possibly from Tetun ‹kuri› 'to touch lightly, to scratch lightly'.",kaikur,,,,,le-kuri,,lɛˈkuri,,R003[Borrowed_Word]
LX000099,kvw,lekèbaba,vt,,LX000063,,,,,le-kèbaba,,lɛkəˈbaba ~ lɛkaˈbaba,,
LX000100,kvw,lekèwali,vt,,LX000085,,,,,le-kèwali,,lɛkəˈwali ~ lɛkaˈwali,,
lel,kvw,lel,n,,puli,,,,,,,ˈlɛl,,
LX000101,kvw,lel,n,,,,obl,,,,,ˈlɛl,,
lela,kvw,lela,n,,,,,,,,,ˈlɛla,,
lelailol,kvw,lelailol,vt,,lailol,,,,,le-lailol,,lɛˈlajlol,,
lelak,kvw,lelak,vi,,LX000086,,,,,le-lak,,lɛˈlak,,
lelakal,kvw,lelakal,vt,,lakal ; milakal,,,,,le-lakal,,lɛˈlakal,,
lelau,kvw,lelau,vt,,,,,,,le-lau,,lɛˈlaw,,
lelomrang,kvw,lelomrang,vt,,,,,,,le-lomrang,,lɛˈlomraŋ,,
LX000102,kvw,-lelèbur,vt,,LX000125,,III_P,,,-le-lèbur,,[Ca]-lɛləˈbur ~ [Ca]-lɛluˈbur,,
LX000103,kvw,lelèmang,vi,,LX000131,,,,,le-lèmang,,lɛləˈmaŋ ~ lɛlaˈmaŋ,,
lemai,kvw,lemai,vt,,mai,,,,,le-mai ; le-mai,,lɛˈmaj,,
lemam,kvw,lemam,vt,,mam,,,,,le-mam ; le-mam,,lɛˈmam,,
lemedi,kvw,lemedi,vd/t,,medi,,(II_R),,,le-medi,,lɛˈmɛdi,,
lemira,kvw,lemira,vt,,mira,,,,,le-mira,,lɛmiˈra ~ lɛmˈra,,
lemod,kvw,lemod,vt,,LX000154,,,,,le-mod,,lɛˈmod,,
lemolong,kvw,lemolong,vt,,,,,,,le-molong,,lɛˈmoloŋ,,
lemuing,kvw,lemuing,vt,,-muing ; muing ; LX000159,,,,,le-muing,,lɛˈmuiŋ,,
LX000104,kvw,lemèduli,vt,,LX000169,,,,,le-mèduli,,lɛməˈduli ~ lɛmuˈdili ~ lɛmuˈdil,,
LX000105,kvw,lemèkada,vt,,,,,,,,,lɛməˈkada ~ lɛmaˈkada,,
LX000106,kvw,lemèker,vi,,,,,,,,,lɛməˈkɛr ~ lɛmɛˈkɛr,,
LX000107,kvw,lemèkor,vt,,LX000149 ; LX000344,,,,,le-mèkor,,lɛməˈkor ~ lɛmoˈkor,,
LX000108,kvw,lemèmil,vt,,milel,,,,,le-mèmil,,lɛməˈmil ~ lɛmiˈmil,,
leng,kvw,leng,vt,,le-,,(III_P),,,,,ˈlɛŋ,,
LX000109,kvw,leng,vt,,,,(IV_P),,,,,ˈlɛŋ,,
lepas,kvw,lepas,vt,,lekoi ; pas ; mipas,,,,,le-pas,,lɛˈpas,,
lepeli,kvw,lepeli,vt,,,,,,,le-peli,,lɛˈpɛli,,
lepidaki,kvw,lepidaki,vt,,,,,,,le-pidaki,,lɛpiˈdaki,,
lepramu,kvw,lepramu,vt,,,,,,,le-pramu,,lɛˈpramu,,
lepresing,kvw,lepresing,vt,,,,,,,le-presing,,lɛˈprɛsiŋ,,
lepring,kvw,lepring,vt,,,,,,,le-pring,,lɛˈpriŋ,,
lepu,kvw,lepu,vt,Possibly from Malay ‹lap› 'wipe' < Dutch ‹lap› 'cleaning cloth'. Final /u/ unexplained.,,,,,,,,ˈlɛpu,,
lepunak,kvw,lepunak,vt,,punak,,,,,le-punak ; le-punak,,lɛˈpunak,,
LX000110,kvw,lepènai,vt,,LX000150,,,,,le-pènai,,lɛpəˈnaj ~ lɛpaˈnaj,,
leri,kvw,leri,n,"Likely from Tetun ‹liurai› 'king, royal'.",,,,,,,,ˈlɛri,,
lesai,kvw,lesai,vt,,sai,,,,,le-sai ; le-sai,,lɛˈsai,,
lesaing,kvw,lesaing,vt,"Malay ‹sayang› 'dear, too bad'.",LX000111 ; lesaing-saing,,(III_P),,,le-saing,,lɛˈsajŋ,,
LX000111,kvw,lesaing lemèker,vt,,lesaing ; LX000106,,,,,le-saing le-meker,,lɛˈsajŋ lɛməˈkɛr ~ lɛˈsajŋ lɛmɛˈkɛr,,
lesaing-saing,kvw,lesaing-saing,vi,,lesaing,,,,,le-saing~saing,,lɛsajŋ~ˈsajŋ,,
lesaku,kvw,lesaku,vi,,saku,,,,,le-saku ; le-saku,,lɛˈsaku,,
lesal,kvw,lesal,vt,,sal,,,,,le-sal,,lɛˈsal,,
lesebi,kvw,lesebi,vt,,-mak_sebi,,,,,le-sebi ; le-sebi,,lɛˈsɛbi,,
-lesebi,kvw,-lesebi,vt,,-mak_sebi,,III_P,,,le-sebi,,[Ca-]lɛˈsɛbi,,
leser,kvw,leser,vi,,LX000247 ; LX000247,,,,,le-ser ; le-ser,,lɛˈsɛr,,
lesi,kvw,lesi,vt,,,,,,,,,ˈlɛsi,,
-lesiko,kvw,-lesiko,n,,,,inal,,,,,[C/a-]lɛˈsiko,,
lesir_lemai,kvw,lesir lemai,vi,,-sir_-mai,,,,,le-sir le-mai,,lɛˈsir lɛˈmaj,,
leskau,kvw,leskau,vt,,skau,,,,,le-skau,,lɛˈskaw,,
lesoi,kvw,lesoi,vd/t,,-soi,,,,,le-soi ; le-soi,,lɛˈsoj,,
lesum,kvw,lesum,vt,,,,,,,le-sum,,lɛˈsum,,
lesumar,kvw,lesumar,vi,,,,,,,le-sumar,,lɛsuˈmar,,
lesus,kvw,lesus,vt,,sus,,,,,le-sus,,lɛˈsus,,
LX000112,kvw,lesèweri,vt,,,,,,,le-sèweri,,lɛsəˈwɛri ~ lɛsɛˈwɛri,,
LX000113,kvw,lesèweri,vi,,,,(III_S),,,le-sèweri,,lɛsəˈwɛri ~ lɛsɛˈwɛri,,
letaing,kvw,letaing,vt,,LX000269 ; le-,,,,,le-taing,,lɛˈtajŋ,,
LX000114,kvw,letaing,vt,,LX000269,,,,,le-taing,,lɛˈtajŋ,,
LX000115,kvw,letaing,vt,,,,,,,le-taing,,lɛˈtajŋ,,
letak,kvw,letak,vt,,tak,,,,,le-tak,,lɛˈtak,,
leter,kvw,leter,vt,,,,,,,le-ter,,lɛˈtɛr,,
letomu,kvw,letomu,vt,,tomu,,,,,le-tomu,,lɛˈtomu,,
LX000116,kvw,letèbel,vi,,LX000280,,,,,le-tèbel,,lɛtəˈbɛl ~ lɛtɛˈbɛl,,
LX000117,kvw,letèleri,vt,,,,,,,le-tèleri,,lɛtəˈlɛri ~ lɛtɛˈlɛri,,
leuring,kvw,leuring,vt,,LX000332,,,,,le-uring,,lɛuˈriŋ,,
lewak,kvw,lewak,vt,,,,,,,le-wak,,lɛˈwak,,
lewakar,kvw,lewakar,vt,,wakar,,,,,le-wakar,,lɛˈwakar,,
lewal,kvw,lewal,vt,,LX000338,,,,,le-wal ; le-wal,,lɛˈwal,,
lewali,kvw,lewali,vt,,wali ; ada_lewali,,,,,le-wali,,lɛˈwali,,
leweng,kvw,leweng,vt,,,,,,,,,ˈlɛwɛŋ,,
LX000118,kvw,leweng,n,,,,obl,,,,,[Cɛ]-ˈlɛwɛŋ,,
lewesi,kvw,lewesi,vt,,,,,,,,,lɛˈwɛsi ~ lɛˈwosi,lewosi,
lewudilei,kvw,lewudilei,vt,,wudilei,,,,,le-wudilei,,lɛwuˈdilɛj ~ lɛwiˈdilɛj ~ lɛuˈdilɛj,,
lewuli,kvw,lewuli,vt,,wuli,,,,,le-uli ; le-wuli,,lɛˈwuli ~ lɛˈuli,,
lewur,kvw,lewur,vt,,,,,,,,,lɛˈwur,,
leyar,kvw,leyar,vt,,,,,,,le-yar,,lɛˈjar ~ lɛˈar ~ ˈlaːr,,
leyer,kvw,leyer,vt,,yer,,,,,le-yer,,lɛˈjɛr,,
lilil,kvw,lilil,n,,,,,,,,,ˈlilil,,
lok,kvw,lok,n,,,,,,,,,ˈlok,,
-lokmang,kvw,-lokmang,n,,,,obl,,,,,[Cɛ]-lokˈmaŋ ~ [Cɛ]-lokoˈmaŋ,,
-lol,kvw,-lol,vt,"Timorese Austronesian, cf. Tetun ‹ha|lolo› 'follow'.",le-_-lol,,I_P,,,,,[C/a-]ˈlol,,
lol_ayang,kvw,lol ayang,n,,,,,,,,,ˈlol aˈjaŋ,,
-lol_lailol,kvw,-lol lailol,vt,,,,I_P,,,,,[C/a-]ˈlol ˈlajlol,,
-lol_wai,kvw,-lol wai,vt,,,,I_P,,,,,[C/a-]ˈlol waj,,
lomrang,kvw,lomrang,n,,,,,,,,,ˈlomraŋ,,
lomu,kvw,lomu,vi,,,,,,,,,ˈlomu,,
LX000119,kvw,lomu,vt,,,,,,,,,ˈlomu,,
-lomu,kvw,-lomu,n,,,,obl,,,,,[Cɛ-]ˈlomu,,
lomu_iko,kvw,lomu iko,n,,,,,,,,,ˈlomu iˈko,,
LX000120,kvw,lomu tètuk,n,,,,,,,,,ˈlomu təˈtuk ~ ˈlomu tuˈtuk,,
LX000121,kvw,lomu tètuk,vi,,,,,,,,,ˈlomu təˈtuk ~ ˈlomu tuˈtuk,,
lono_mun,kvw,lono mun,n,,,,,,,,,ˈlono ˈmun,,
lor,kvw,lor,vi,"West Timorese Austronesian, e.g., Termanu ‹lodo›, Helong ‹lolo› ‘straight’.",tomu ; lor_tomu,,,,,,,ˈlor,,
LX000122,kvw,lor,n,,,,,,,,,ˈlor,,
lor_tomu,kvw,lor tomu,adv,,,,,,,,,ˈlor ˈtomu,,
lorwak,kvw,lorwak,n,,,,,,,,,ˈlorwak ~ ˈlorowak,,
lot,kvw,lot,vi,,,,,,,,,ˈlot,,
lotiber,kvw,lotiber,n,,,,,,,,,loˈtibɛr,,
lotor,kvw,lotor,n,,lowakar,,,,,,,ˈlotor,,
lowakar,kvw,lowakar,n,,lotor,,,,,,,loˈwakar ~ laˈwakar,,
lowakar_bik,kvw,lowakar bik,vi,,,,,strongly coiled,,,,loˈwakar ˈbik,,
-luaser,kvw,-luaser,n,,,,obl,,,,,[Cɛ-]luˈasɛr,,
luk,kvw,luk,vi,,,,,,,,,ˈluk,,
lus,kvw,lus,vi,,,,,,,,,ˈlus,,
LX000123,kvw,lus mèdal,vi,,lus ; LX000161,,,,,,,ˈlus məˈdal ~ ˈlus maˈdal,,
LX000124,kvw,-lèbub,vi,,,,IV_S,,,,,[Caj-]ləˈbub ~ [Caj-]luˈbub,,
LX000125,kvw,lèbur,vi,,,,,,,,,ləˈbur ~ luˈbur,,
LX000126,kvw,lèku,n,"Austronesian languages both to the East and West frequently have a term related to this, e.g., Tokodede ‹laku›, Erai ‹laku›, Bungku ‹laku› 'civet'.",maulukluk,,,,,,,ləˈku ~ luˈku,,
LX000127,kvw,lèkuk,vi,,,,,,,,,ləˈkuk ~ luˈkuk,,
LX000128,kvw,lèle,n,,,,,,,,,ləˈlɛ ~ lɛˈlɛ,,
LX000129,kvw,lèmang,adv,,,,,,,,,ləˈmaŋ ~ laˈmaŋ,,
LX000130,kvw,lèmang,conn,,,,,,,,,ləˈmaŋ ~ laˈmaŋ,,
LX000131,kvw,lèmang,prep,,,,,,,,,ləˈmaŋ ~ laˈmaŋ,,
LX000132,kvw,lèmi,n,,,,,,,,,ləˈmi ~ liˈmi,,
LX000133,kvw,-lèmi,n,,,,obl,,,,,[Cɛ-]ləˈmi ~ [Cɛ-]liˈmi,,
LX000134,kvw,lèmu,vi,,,,,,,,,ləˈmu ~ luˈmu,,
LX000135,kvw,lèmukul,vi,,,,,,,,,ləˈmukul ~ luˈmukul,,
LX000136,kvw,lèpa,vi,,,,,,,,,ləˈpa ~ laˈpa,,
LX000137,kvw,lèpong,n,,,,,,,,,ləˈpoŋ ~ loˈpoŋ,,
LX000138,kvw,lèra,n,,LX000335,,,,,,,ləˈra ~ laˈra,,
LX000139,kvw,lètung,n,,,,,,,,,ləˈtuŋ ~ luˈtuŋ,,
ma,kvw,ma,n,,,,,,,,,ˈma,,
-ma,kvw,-ma,n,,,,inal,,,,,[C/a-]ˈma,,
LX000140,kvw,-ma,vi,,,,I_S,,,,,[C/a-]ˈma,,
LX000141,kvw,-ma gètati,n+vi,,LX000140 ; -tati,,,(one's) voice stands,,,,[C/a-]ˈma gəˈtati ~ [C/a-]ˈma gaˈtati,,
LX000142,kvw,ma lèle,n,,,,,,,,,ˈma ləˈlɛ ~ ˈma lɛˈlɛ,,
ma_pus,kvw,ma pus,n,,,,,,,,,ma ˈpus,,
mad,kvw,mad,n,,-is,,obl,,,,,ˈmad,,
LX000143,kvw,mad,vt,"Austronesian, cf. PCEMP *madar 'ripe, overripe' (ACD). Possibly from Tokodede ‹mada(sa)› 'ripe, cooked'.",LX000241,,,,,,,ˈmad,,R003[Borrowed_Word]
mad_ira,kvw,mad ira,vi,,,,,cook water,,,,ˈmad iˈra,,
mad_lumak,kvw,mad lumak,adv,,,,,,,,,ˈmad luˈmak,,
madang,kvw,madang,vt,,LX000246,,,,,,,ˈmadaŋ,,
Mademang,kvw,Mademang,n,,,,,,,,,madɛˈmaŋ,,
madol,kvw,madol,n,,,,,,,,,maˈdol,,
mai,kvw,mai,vi,,,,,,,,,ˈmaj,,
-mai,kvw,-mai,vi,,wong_mai,,I_S,,,,,[C/a-]ˈmaj,,
-mak_sebi,kvw,-mak sebi,vt,,lesebi,,I_P,,,,,[C/a-]mak ˈsɛbi,,
makang,kvw,makang,vi,,biting_makang,,,,,,,ˈmakaŋ,,
malang,kvw,malang,vi,,,,,,,,,ˈmalaŋ,,
malkori,kvw,malkori,n,,,,,,,,,ˈmalkori,,
mam,kvw,mam,vt,"Tetun ‹mama› ‘chew without swallowing’ < PMP *mamaq ‘chew without intending to swallow, as betel nut; premasticate food to give to an infant; premasticated food’ (ACD).",,,,,,,,ˈmam,,R003[Borrowed_Word]
-mangtaing,kvw,-mangtaing,vt,,LX000109,,I_P,,,,,[C/a-]ˈmaŋtajŋ ~ [C/a-]ˈmantajŋ,,
mas,kvw,mas,n,Likely early borrowing of widely found form in Austronesian languages potential PCMP reconstruction *malus 'betel vine'.,,,,,,,,ˈmas,,
mata_butil,kvw,mata butil,n,,,,,,,,,ˈmata ˈbutil,,
maulukluk,kvw,maulukluk,n,,LX000126,,,,,,,mawˈlukluk,,
LX000144,kvw,maumèlang,n,,,,,,,,,mawməˈlaŋ ~ mawmaˈlaŋ,,
med,kvw,med,n,Malay ‹meja› 'table' < Portuguese ‹mesa›.,,,,,,,,ˈmɛd,,
medi,kvw,medi,vt,,,,,,,,,ˈmɛdi,,
mei,kvw,mei,n,,,,,,,,,ˈmɛj,,
-mei,kvw,-mei,n,,mei,,obl,,,,,[Cɛ-]ˈmɛj,,
-meiner,kvw,-meiner,n,,-meing ; LX000044,,inal,neck trunk,,-meing-er,,[C/a-]ˈmɛjnɛr,,
-meing,kvw,-meing,n,,,,inal,,,,,[C/a-]ˈmɛjŋ,,
-meing_ser,kvw,-meing ser,n+vi,,-meing ; LX000247,,,dry-necked,,,,[C/a-]ˈmɛjŋ ˈsɛr,,
LX000145,kvw,-meing tèdeing,n+vt,,-meing,,,,,,,[C/a-]ˈmɛjŋ təˈdɛjŋ ~ [C/a-]ˈmɛjŋ tɛˈdɛjŋ,,
-meinuk,kvw,-meinuk,n,,-meing,,inal,,,,,[C/a-]ˈmɛjnuk,,
mek,kvw,mek,n,,,,,,,,,ˈmɛk,,
-mekeng,kvw,-mekeng,vt,,,,I_P,,,,,[C/a-]ˈmɛkɛŋ,,
mel,kvw,mel,inter,,,,,,,,,ˈmɛl,,
meleng,kvw,meleng,vi,,-aumeng,,,,,,,ˈmɛlɛŋ,,
-meleng,kvw,-meleng,vt,,,,I_P,,,,,[C/a-]ˈmɛlɛŋ,,
mes,kvw,mes,vt,,,,,,,,,ˈmɛs,,
-met,kvw,-met,n,,-sap,,inal,,,,,[C/a-]ˈmɛt,,
mi-,kvw,mi-,prefix,,LX000146 ; ming,,,,,,,mi-,,
LX000146,kvw,=mi,postp,,mi- ; ming,,,,,,,=mi,,
mi-_-ket,kvw,mi- -ket,vt,,-ket,,I_A,,,mi- -ket,,mi-[C/a-]ˈkɛt,,
mi-_-ko,kvw,mi- -ko,vt,,-ko,,I_A,,,mi- -ko,,mi-[C/a-]ˈko,,
mi-_-mit,kvw,mi- -mit,vt,,-mit,,I_A,,,mi- -mit,,mi-[C/a-]ˈmit,,
mi-_-sorong,kvw,mi- -sorong,vi,,-sorong,,I_S,,,mi- -sorong,,mi-[C/a-]ˈsoroŋ,,
mi-_-tati,kvw,mi- -tati,vt,,-tati,,I_A,,,mi- -tati,,mi-[C/a-]ˈtati,,
mi-_-uing,kvw,mi- -uing,vt,,LX000331,,I_A,,,mi- -uing,,mi-[C/a-]ˈuʷiŋ,,
LX000147,kvw,mi- -uing,vt,,LX000331,,I_P,,,mi- -uing,,mi-[C/a-]ˈuʷiŋ,,
mi-_-wai,kvw,mi- -wai,vt,,-wai,,I_A,,,mi- -wai,,mi-[C/a-]ˈwaj,,
mi-_-wari,kvw,mi- -wari,vi,,LX000339,,I_S,,,mi-wari,,mi-[C/a-]ˈwari,,
mi-_-wit,kvw,mi- -wit,vt,,-wit,,I_A,,,mi- -wit,,mi-[C/a-]ˈwit,,
mialar,kvw,mialar,vi,"Wersing root of -alar < Austronesian, cf. PMP *layaR 'sail' (ACD). Initial /a/ suggests borrowing of a causative marked form reflecting *pa-layaR, e.g., Kisar ‹walara› 'sail', but may be prothetic.",,,,,,mi-alar,,miˈalar,,R003[Borrowed_Word]
-mid,kvw,-mid,vi,,wong_mid,,I_S,,,,,[C/a-]ˈmid,,
midudung,kvw,midudung,vt,,dudung,,,,,mi-dudung,,miˈduduŋ,,
migi_mekeng,kvw,migi mekeng,vt,,-mekeng,,,,,,,ˈmigi ˈmɛkɛŋ,,
LX000148,kvw,migètaing,vt,,LX000271,,,,,mi-g-taing,,migəˈtajŋ ~ migaˈtajŋ,,
miilel,kvw,miilel,vt,,ilel,,,,,mi-ilel,,miˀiˈlɛl,,
mikik,kvw,mikik,vt,,,,,,,mi-kik,,miˈkik,,
mikui,kvw,mikui,vt,,-kui,,(II_A),,,mi-kui,,miˈkui,,
milak,kvw,milak,vt,,LX000086,,,,,mi-lak,,miˈlak,,
milakal,kvw,milakal,vt,,lakal ; lelakal,,,,,mi-lakal,,miˈlakal,,
milel,kvw,milel,n,,ilel ; miilel,,,,,,,ˈmilɛl,,
milomu,kvw,milomu,vi,,LX000119,,,,,mi-lomu,,miˈlomu,,
mimad,kvw,mimad,vt,,LX000143,,,,,mi-mad,,miˈmad,,
mimedi,kvw,mimedi,vt,,medi,,,,,mi-medi,,miˈmɛdi,,
LX000149,kvw,mimèkor,vt,,LX000107 ; LX000344,,,,,,,miməˈkor ~ mimoˈkor,,
minaung,kvw,minaung,vi,,naung,,,,,mi-naung,,miˈnawŋ,,
ming,kvw,ming,vt,,mi- ; LX000146,,,,,,,ˈmiŋ,,
mipas,kvw,mipas,vt,,pas,,,,,mi-pas,,miˈpas,,
LX000150,kvw,mipènai,vt,,LX000110,,,,,mi-pènai,,mipəˈnaj ~ mipaˈnaj,,
mira,kvw,mira,n,,mi-,,obl,,,,,miˈra ~ muˈra ~ məˈra,mura ; mèra,
LX000151,kvw,-mira mèli,n+vi,,mira ; LX000185,,,sweet-insides,,,,[Cɛ-]miˈra məˈli ~ [Cɛ-]miˈra miˈli,,
-mira_tur,kvw,-mira tur,n+vi,,mira ; tur,,,heavy-insides,,,,[Cɛ-]miˈra ˈtur,,
misai,kvw,misai,vt,,sai,,,,,mi-sai,,miˈsaj,,
miseli,kvw,miseli,vt,,seli,,,,,mi-seli,,miˈsɛli,,
misuak,kvw,misuak,vt,,LX000254,,,,,mi-suak,,miˈsuak,,
misus,kvw,misus,vi,,sus,,,,,mi-sus,,miˈsus,,
-mit,kvw,-mit,vi,,,,I_S,,,,,[C/a-]ˈmit,,
mita,kvw,mita,vt,,ta,,,,,mi-ta,,miˈta,,
mitaing,kvw,mitaing,vt,,LX000269,,,,,mi-taing,,miˈtajŋ,,
mitaiteng,kvw,mitaiteng,vt,,,,,,,mi-taiteng,,miˈtajtɛŋ,,
LX000152,kvw,mitèbel,adv,,LX000280,,,,,mi-tèbel,,mitəˈbɛl ~ mitɛˈbɛl,,
miwudingle,kvw,miwudingle,n,,wudingle,,,,,mi-wudingle,,miwuˈdiŋlɛ ~ miwiˈdiŋlɛ,,
LX000153,kvw,=mo,elev,,mong ; mono ; mona,,,,,,,=mo,,
mod,kvw,mod,vi,,LX000269,,,,,,,ˈmod,,
LX000154,kvw,mod,vt,,,,,,,,,ˈmod,,
-moi_-barang,kvw,-moi -barang,n,,-barang,,inal,,,,,[C/a-]ˈmoj [C/a-]ˈbaraŋ,,
moku,kvw,moku,vi,,,,,,,,,ˈmoku,,
LX000155,kvw,moku tènolu,vi,,moku ; LX000317,,,,,,,ˈmoku təˈnolu ~ ˈmoku toˈnolu,,
mona,kvw,mona,elev,,mong ; mono,,,,,,,ˈmona,,
mong,kvw,mong,elev,,mono ; mona,,,,,,,ˈmoŋ,,
mono,kvw,mono,elev,,mong ; mona,,,,,,,ˈmono ~ ˈmonu,,
moring,kvw,moring,n,,,,,,,,,ˈmoriŋ,,
mos,kvw,mos,n,,,,,,,,,ˈmos,,
-mosi,kvw,-mosi,vt,,-tulung,,I_P,,,,,[C/a-]ˈmosi,,
motumo,kvw,motumo,n,,ayanamo ; LX000153,,,,,motu-mo,,ˈmotumo ~ ˈmutumo,,
mud,kvw,mud,n,"Austronesian, cf. PMP *muntay 'kind of citrus tree and its fruit' (ACD). Austronesian languages both to the West frequently have a term related to this, e.g., Alorese ‹muda› 'orange'.",samarai,,,,,,,ˈmud,,R003[Borrowed_Word]
mudi,kvw,mudi,n,,,,obl,,,,,ˈmudi,,
muing,kvw,muing,vi,,LX000156 ; lemuing,,,,,,,ˈmuiŋ,,
-muing,kvw,-muing,n,,,,inal,,,,,[C/a]-ˈmuiŋ,,
LX000156,kvw,muing mèlasur,vi,,,,,,,,,ˈmuiŋ məˈlasur ~ ˈmuiŋ maˈlasur,,
mukuing,kvw,mukuing,n,,,,,,,,,muˈkuiŋ,,
-mula,kvw,-mula,n,,,,obl,,,,,[Cɛ-]ˈmula,,
mumul,kvw,mumul,n,"Likely originally from a Central Maluku language, e.g., Waru ‹mumumur›, Masarete ‹momol› ‘iron’, from where iron was traded. Nearby languages with the same borrowing lack final /l/ and are unlikely intermediaries, cf. Hresuk ‹mumu›, Erai ‹mumu› 'iron'.",,,,,,,,muˈmul,,
mun,kvw,mun,n,,,,,,,,,ˈmun,,
muner,kvw,muner,n,,doilis,,,,,,,muˈnɛr,,
munim,kvw,munim,vi,,,,,,,,,muˈnim,,
-mur,kvw,-mur,vi,,,,I_S,,,,,[C/a]-ˈmur,,
muri,kvw,muri,n,,LX000158,,,,,,,ˈmuri,,
LX000157,kvw,muri mènak,n,,muri,,,,,,,ˈmuri ˈməˈnak ~ ˈmuri ˈmaˈnak,,
murik,kvw,murik,vi,,muri,,,,,,,muˈrik,,
LX000158,kvw,murik,n,,muri,,,,,,,muˈrik,,
-mus,kvw,-mus,vt,"Central Timorese Austronesian, e.g., Kemak ‹muusu›, Tokodede ‹k|mus› ‘kiss, suck’.",,,I_P,,,,,[C/a-]ˈmus,,
LX000159,kvw,-mus,vi,,,,I_S,,,,,[C/a-]ˈmus,,
-mut,kvw,-mut,vi,,,,I_S,,,,,[C/a-]ˈmut,,
muti,kvw,muti,n,,,,,,,,,ˈmuti,,
LX000160,kvw,mèdaing,vi,,,,,,,,,məˈdaiŋ ~ maˈdaiŋ,,
LX000161,kvw,mèdal,vi,,,,,,,,,məˈdal ~ maˈdal,,
LX000162,kvw,mèdali,n,,,,,,,,,məˈdali ~ maˈdali,,
LX000163,kvw,mèdek,vi,,,,,,,,,məˈdɛk ~ mɛˈdɛk,,
LX000164,kvw,mèdi,vt,,ta,,,,,,,məˈdi ~ miˈdi,,
LX000165,kvw,mèdit,vi,,lalang,,,,,,,məˈdit ~ miˈdit,,
LX000166,kvw,mèdit sob,n,,,,,sick house,,,,məˈdit ˈsob ~ miˈdit ˈsob,,
LX000167,kvw,mèdok,vi,,,,,,,,,məˈdok ~ moˈdok,,
LX000168,kvw,mèduk,n,,,,,,,,,məˈduk ~ muˈduk,,
LX000169,kvw,mèduli,vt,,,,,,,,,məˈduli ~ muˈdili,,
LX000170,kvw,mèkal,vi,"Possibly West Timorese Austronesian, e.g., Helong ‹maliʔ›, with metathesis of /k/ and /l/.",,,,,,,,məˈkal ~ maˈkal,,
LX000171,kvw,mèkal,n,,,,,,,,,məˈkal ~ maˈkal,,
LX000172,kvw,mèkit,n,,unang ; LX000291,,,,,,,məˈkit ~ miˈkit,,
LX000173,kvw,mèkoi,vt,,,,,,,,,məˈkoj ~ moˈkoj,,
LX000174,kvw,mèku,vi,,,,,,,,,məˈku ~ muˈku,,
LX000175,kvw,mèkuing,n,,,,,,,,,məˈkuiŋ ~ muˈkuiŋ,,
LX000176,kvw,mèkup,vi,,,,,,,,,məˈkup ~ muˈkup,,
LX000177,kvw,mèkup,vi,,,,,,,,,məˈkup ~ muˈkup,,
LX000178,kvw,mèlai,n,"Possibly from Timorese Austronesian 'foreigner' words, e.g., Tokodede, Tetun ‹malae› 'foreigner'.",kau_kol,,,,,,,məˈlaj ~ maˈlaj,,
LX000179,kvw,mèlai lomu,n+vt,,,,,call a slave,,,,məˈlaj ˈlomu ~ maˈlaj ˈlomu,,
LX000180,kvw,mèlasur,vi,,LX000156,,,,,,,məˈlasur ~ maˈlasur,,
LX000181,kvw,mèlasur,n,,,,,,,,,məˈlasur ~ maˈlasur,,
LX000182,kvw,mèlaung,n,,,,,,,,,məˈlawŋ ~ maˈlawŋ,,
LX000183,kvw,mèleng,n,,,,,,,,,məˈlɛŋ ~ mɛˈlɛŋ,,
LX000184,kvw,mèlenya,n,,,,,,,,,məˈlɛɲa ~ mɛˈlɛɲa,,
LX000185,kvw,mèli,vi,,,,,,,,,məˈli ~ miˈli,,
LX000186,kvw,mèloing,vi,,,,,,,,,məˈloiŋ ~ moˈloiŋ,,
LX000187,kvw,mèlor,vi,,,,,,,,,məˈlor ~ moˈlor,,
LX000188,kvw,mèlos,n,"Tokodede ‹lomosa› 'shark', with metathesis of /m/ and /l/.",,,,,,,,məˈlos ~ moˈlos,,
LX000189,kvw,-mèlosi,vi,,LX000196,,III_S,,,,,[Ca-]məˈlosi ~ [Ca-]moˈlosi,,
LX000190,kvw,mèlul,n,,,,,,,,,məˈlul ~ muˈlul,,
LX000191,kvw,mèna,n,"Likely West Timorese Austronesian, e.g., Helong ‹mana› 'place'.",,,,,,,,məˈna ~ maˈna,,
LX000192,kvw,mènak,n,,,,,,,,,məˈnak ~ maˈnak,,
LX000193,kvw,mènaukal,n,,,,,,,,,məˈnawkal ~ maˈnawkal,,
LX000194,kvw,Mènet,n,,,,,,,,,məˈnɛt ~ mɛˈnɛt,,
LX000195,kvw,mènis,vi,"Austronesian, cf. PMP *ma-nipis 'thinness (of materials)' (ACD). There are no known Austronesian languages in the region that have a reflex of PMP *ma-nipis that retains the stative prefix but where *p is lost and the vowels merge into a single syllable.",,,,,,,,məˈnis ~ miˈnis,,R003[Borrowed_Word]
LX000196,kvw,-mèra,vi,,LX000189,,III_S,,,,,[Ca-]məˈra ~ [Ca-]maˈra,,
LX000197,kvw,mèrek,vi,,,,,,,,,məˈrɛk ~ mɛˈrɛk,,
LX000198,kvw,mèruk,vi,,,,,,,,,məˈruk ~ muˈruk,,
LX000199,kvw,mèrung,vi,,LX000200,,,,,,,məˈruŋ ~ muˈruŋ,,
LX000200,kvw,mèrung pok,vi,,LX000199 ; pok,,,,,,,məˈruŋ pok ~ muˈruŋ pok,,
LX000201,kvw,mèsing ser,n,,,,,,,,,məˈsiŋ ˈsɛr ~ miˈsiŋ ˈsɛr,,
LX000202,kvw,mètari,n,,,,,,,,,məˈtari ~ maˈtari,,
n-,kvw,n-,prefix,,,,,,,,,n- ~ nə-,nè-,
na-,kvw,na-,prefix,,,,,,,,,na-,,
LX000203,kvw,na-,prefix,,-natutuk ; -natabe,,,,,,,ˈna-,,
LX000204,kvw,=na,conj,,,,,,,,,=na,,
nadi,kvw,nadi,pro,,,,,,,,,ˈnadi,,
nai-,kvw,nai-,prefix,,,,,,,,,naj-,,
-nai,kvw,-nai,vt,,pasi ; -nai_-pasi ; LX000169,,I_A,,,,,[C/a-]ˈnaj,,
-nai_-pasi,kvw,-nai -pasi,vt,,,,I_A,,,,,[C/a-]ˈnaj [C/a-]ˈpasi,,
naida,kvw,naida,pro,,,,,,,,,ˈnajda,,
naing,kvw,naing,plw,,LX000028,,,,,,,ˈnajŋ,,
-naing,kvw,-naing,vt,,,,I_A,,,,,[C/a-]ˈnajŋ,,
nakar,kvw,nakar,adv,,,,,,,,,ˈnakar,,
LX000205,kvw,nakar,vi,,,,,,,,,ˈnakar,,
-nakar,kvw,-nakar,n,,,,obl,,,,,[Cɛ-]ˈnakar,,
nal,kvw,nal,n,,nal-nal,,,,,,,ˈnal,,
nal-nal,kvw,nal-nal,n,,nanal ; nal,,,,,,,nal~ˈnal,,
nalte,kvw,nalte,inter,,,,,,,nal-te,,ˈnaltɛ,,
nanal,kvw,nanal,n,,nal ; nal-nal,,,,,,,ˈnanal,,
-nang,kvw,-nang,n,,,,obl,,,,,[Cɛ-]ˈnaŋ,,
-natabe,kvw,-natabe,vt,,tabe,,I_P,,,na-tabe,,[C/a-]ˈnatabɛ,,
-natutuk,kvw,-natutuk,vt,,-eri ; -eri_-natutuk ; LX000329,,I_P,,,na-tètuk,,[C/a-]ˈnatutuk,,
nau,kvw,nau,intj,,,,,,,,,ˈnaw,,
naung,kvw,naung,adv,,,,,,,,,ˈnawŋ,,
ne-,kvw,ne-,prefix,,,,,,,,,nɛ-,,
nenal,kvw,nenal,pro,,LX000207,,,,,,,nɛˈnal,,
neta,kvw,neta,pro,,,,,,,,,ˈnɛta,,
newe,kvw,newe,pro,,,,,,,,,nɛˈwɛ,,
neweng,kvw,neweng,pro,,,,,,,,,ˈnɛwɛŋ,,
-ninbat,kvw,-ninbat,n,,,,obl,,,,,[Cɛ-]inˈbat ~ [Cɛ-]imˈbat ~ [Cɛ-]niˈbat,,
-nir,kvw,-nir,n,,,,inal,,,,,[C/a]-ˈnir,,
-nir_iko,kvw,-nir iko,n,,-nir ; iko,,inal,eye seed,,,,[C/a]-ˈnir iˈko ~ [C/a]-ˈnirko,-nirko,
-nir_ira,kvw,-nir ira,n,,,,inal,eye water,,,,[C/a]-ˈnir iˈra,,
-nir_kang,kvw,-nir kang,n+vi,,-nir ; kang,,,have good eyes,,,,[C/a-]ˈnir ˈkaŋ,,
-nirupur,kvw,-nirupur,n,,,,inal,,,,,[C/a]-niˈrupur,,
no,kvw,no,num,,ba_no,,,,,,,ˈno,,
-nong,kvw,-nong,n,,,,obl,,,,,[Cɛ-]ˈnoŋ,,
-nor,kvw,-nor,n,,,,obl,,,,,[Cɛ-]ˈnor,,
LX000206,kvw,nèbaka,pro,,,,,,,,,nəˈbaka ~ naˈbaka,,
LX000207,kvw,nènasu,pro,,,,,,,,,nəˈnasu ~ naˈnasu,,
ny-,kvw,ny-,prefix,,,,,,,,,ɲ- ~ ɲə-,,
nya-,kvw,nya-,prefix,,,,,,,,,ɲa-,,
nyadi,kvw,nyadi,pro,,,,,,,,,ˈɲadi,,
nyai,kvw,nyai,pro,,,,,,,,,ɲaj,,
nyai-,kvw,nyai-,prefix,,,,,,,,,ɲaj-,,
nyaida,kvw,nyaida,pro,,,,,,,,,ˈɲajda,,
nyaning,kvw,nyaning,clf,,,,,,,,,ɲaˈniŋ ~ ɲəˈniŋ,nyèning,
nyawi,kvw,nyawi,pro,,,,,,,,,ɲaˈwi,,
nye-,kvw,nye-,prefix,,ny-,,,,,,,ɲɛ-,,
nyenal,kvw,nyenal,pro,,LX000211,,,,,,,ɲɛˈnal,,
nyeta,kvw,nyeta,pro,,,,,,,,,ˈɲɛta,,
nyewe,kvw,nyewe,pro,,,,,,,,,ɲɛˈwɛ,,
nyeweng,kvw,nyeweng,pro,,,,,,,,,ˈɲɛwɛŋ,,
LX000208,kvw,nyèbaka,pro,,,,,,,,,ɲəˈbaka ~ ɲaˈbaka,,
LX000209,kvw,nyèmarang,pro,,,,,,,,,ɲəˈmaraŋ ~ ɲaˈmaraŋ,,
LX000210,kvw,nyènaing,pro,,,,,,,,,ɲəˈnajŋ ~ ɲaˈnajŋ,,
LX000211,kvw,nyènasu,pro,,,,,,,,,ɲəˈnasu ~ ɲaˈnasu,,
LX000212,kvw,nyènuk,pro,,,,,,,,,ɲəˈnuk,,
o-,kvw,o-,prefix,,LX000001,,,,,,,ˈo-,,
-oam_kiling,kvw,-oam kiling,n,,,,inal,,,,,[C-]ˈoam ˈkiliŋ,,
oba,kvw,oba,dem.nom,,o- ; LX000016,,,,,o-ba,,ˈoba,,
obo,kvw,obo,dem.cl,,abo,,,,,a-bo,,ˈobo,,
okida,kvw,okida,dem.pro,,o- ; kid,,,,,o-kid-a,,ˈokida,,
LX000213,kvw,oku pèdakar,n,,LX000222,,,,,,,ˈoku pəˈdakar ~ ˈoku paˈdakar,,
ol,kvw,ol,n,,,,,,,,,ˈol,,
-ol,kvw,-ol,n,,,,inal,,,,,[C-]ˈol,,
ol_ba,kvw,ol ba,intj,,,,,,,,,ˈol ˈba,,
ol_bali,kvw,ol bali,n,,ol,,,,,,,ˈol ˈbali,,
ol_-leuli,kvw,ol -leuli,vt,,wuli,,III_A,spill a child,,ol le-uli,,ˈol [Ca-]lɛˈuli,,
ol_leweng,kvw,ol leweng,n,,ol ; LX000118,,,child's place,,,,ˈol ˈlɛwɛŋ,,
ol_pok,kvw,ol pok,n,,ol ; pok,,,,,,,ˈol ˈpok,,
ol_puler,kvw,ol puler,n,,ol ; puler,,,,,,,ˈol puˈlɛr,,
ol_tamu,kvw,ol tamu,n,,ol ; tamu,,,,,,,ˈol ˈtamu,,
ol_tuk-tuk,kvw,ol tuk-tuk,n,,ol ; LX000276,,,,,,,ˈol tuk~ˈtuk,,
olik,kvw,olik,n,,idem ; idem_olik,,obl,,,,,ˈolik,,
omi,kvw,omi,dem.loc,,oming ; LX000005,,,,,o-mi,,ˈomi,,
oming,kvw,oming,dem.loc,,omi ; aming,,,,,o-ming,,ˈomiŋ,,
opokida,kvw,opokida,dem.pro,,o- ; kid ; apokida,,,,,o-po-kida,,ˈopokida,,
or,kvw,or,n,"Austronesian, cf. PMP *qapuR 'lime, calcium' (ACD). Most likely candidate in the region is Erai ‹aur› 'lime'.",,,,,,,,ˈor,,R003[Borrowed_Word]
or_kor,kvw,or kor,n,,,,,,,,,ˈor ˈkor,,
-ormang,kvw,-ormang,n,,sob_gapa,,inal,,,,,[C-]ˈormaŋ,,
-ornai,kvw,-ornai,vi,,,,I_S,,,,,[C-]ˈornaj,,
oto,kvw,oto,n,Malay ‹oto› < Dutch ‹auto› 'car'.,,,,,,,,ˈoto,,
otrona,kvw,otrona,dem.inter,,,,,,,,,ˈotrona,,
ou,kvw,ou,n,,,,,,,,,ˈoʷu,,
pa,kvw,pa,adv,,,,,,,,,ˈpa,,
-pa,kvw,-pa,n,,-par,,obl,,,,,[Cɛ-]ˈpa,,
-pa_olik,kvw,-pa olik,n,,,,obl,,,,,[Cɛ-]ˈpa olik,,
padung,kvw,padung,n,"Forms ‹pandu› and ‹pandut› are widely found west of Alor for a range of oil-yielding plants used in making torches and/or lamps, including Jatropha eurcaa, Calophytlum inophyllum, Ricinus communis. Perhaps ultimately from Malay, Javanese ‹panjut› 'torch'. Final nasal of Wersing form unexplained.",,,,,,,,ˈpaduŋ,,
-pai,kvw,-pai,vt,,,,I_P,,,,,[C/a-]ˈpaj,,
LX000214,kvw,-pai ledèlok,vt,,,,I_P,make more smooth,,,,[C/a-]ˈpaj lɛdəˈlok ~ [C/a-]ˈpaj lɛdoˈlok,,
-paidem,kvw,-paidem,n,,-par,,obl,father older,,-pai idem,,[Cɛ-]ˈpajdɛm,,
pak,kvw,pak,vi,,,,,,,,,ˈpak,,
pakar,kvw,pakar,vi,,,,,,,,,ˈpakar,,
paki_medi,kvw,paki medi,vi,paki < Malay ‹pakai|an› 'clothes'.,medi,,,,,,,ˈpaki ˈmɛdi,,
pali_bong,kvw,pali bong,n,,,,,,,,,ˈpali boŋ,,
pang,kvw,pang,dem.mann,,pong,,,,,,,ˈpaŋ,,
-pang,kvw,-pang,vi,,,,I_S,,,,,[C/a-]ˈpaŋ,,
pangmo,kvw,pangmo,adv,,,,,,,pang-mo,,ˈpaŋmo,,
pangpo,kvw,pangpo,conn,,pang ; LX000218,,,,,pang-po,,ˈpaŋpo ~ ˈpampo,,
pangsa,kvw,pangsa,conn,,pang ; LX000245,,,,,pang-sa,,ˈpaŋsa ~ ˈpansa,,
pangsi,kvw,pangsi,conn,,pang ; LX000248,,,,,pang-si,,ˈpaŋsi ~ ˈpansi,,
pangte,kvw,pangte,conn,,pang ; LX000274,,,,,pang-te,,ˈpaŋtɛ ~ ˈpantɛ,,
Pantar,kvw,Pantar,n,,,,,,,,,panˈtar,,
-par,kvw,-par,n,,-pa,,obl,,,,,[Cɛ-]ˈpar,,
pas,kvw,pas,vt,,LX000215 ; mipas ; lepas,,,,,,,ˈpas,,
LX000215,kvw,pas tèli,vt,,,,,,,,,ˈpas təˈli ~ ˈpas tiˈli,,
-pasang,kvw,-pasang,vt,,,,I_P,,,,,[C/a-]ˈpasaŋ,,
pasi,kvw,pasi,vt,,,,,,,,,ˈpasi,,
-pasi,kvw,-pasi,vt,,-nai,,I_A,,,,,[C/a-]ˈpasi,,
-pasi_-nai,kvw,-pasi -nai,vt,,-pasi ; -nai,,I_A,,,,,[C/a-]ˈpasi [C/a-]ˈnaj,,
pat,kvw,pat,n,,,,obl,,,,,ˈpat,,
pating,kvw,pating,vt,,,,,,,,,ˈpatiŋ,,
-pau,kvw,-pau,vt,,,,I_P,,,,,[C/a-]ˈpaw,,
-pawei,kvw,-pawei,vt,,,,I_P,,,,,[C/a-]ˈpawɛj,,
pei,kvw,pei,n,"Possibly Austronesian, cf. PMP *babuy 'pig' (ACD).",,,,,,,,ˈpɛj,,R003[Borrowed_Word]
pei_kutu,kvw,pei kutu,n,kutu < PMP *kutu 'head louse' (ACD).,,,,,,,,ˈpɛj ˈkutu,,R003[Borrowed_Word]
LX000216,kvw,pei kèdorang,n,,,,,pig's snout,,,,pɛj kəˈdoraŋ ~ pɛj koˈdoraŋ,,
pei_makang,kvw,pei makang,n,"makang < Malay ‹makan› 'eat, food'.",,,,,,,,ˈpɛj ˈmakaŋ,,
Peitok,kvw,Peitok,n,,,,,,,,,ˈpɛjtok,,
peko,kvw,peko,n,,,,,,,,,ˈpɛko,,
per_buk,kvw,per buk,n,,,,,,,,,pɛr ˈbuk,,
pes,kvw,pes,n,,,,,,,,,ˈpɛs,,
LX000217,kvw,pes,vi,,,,,,,,,ˈpɛs,,
-pesi,kvw,-pesi,vt,,,,,,,,,[C/a-]ˈpɛsi,,
-pesi_wesi,kvw,-pesi wesi,vi,,,,I_S,cut shoot,,,,[C/a-]ˈpɛsi ˈwɛsi,,
pidesi,kvw,pidesi,vi,,,,,,,,,piˈdɛsi ~ pəˈdɛsi,pèdesi,
piking,kvw,piking,n,"Likely from Malay ‹pinggan›, ultimately from Persian ‹pingān› 'plate, dish'.",,,,,,,,ˈpikiŋ,,
piku,kvw,piku,n,,,,,,,,,ˈpiku,,
pilasi,kvw,pilasi,vt,,,,,,,,,piˈlasi,,
pis,kvw,pis,n,,,,,,,,,ˈpis,,
LX000218,kvw,=po,conj,,pangpo,,,,,,,=po,,
pod,kvw,pod,vi,,,,,,,,,ˈpod,,
pod_awuli,kvw,pod awuli,vt,,,,,fold roll,,,,ˈpod aˈwuli,,
-poing,kvw,-poing,vt,,,,I_P,,,,,[C/a-]ˈpojŋ,,
LX000219,kvw,-poing bèlas,vt,,-poing ; LX000024,,I_P,hit slap,,,,[C/a-]ˈpojŋ bəˈlas ~ [C/a-]ˈpojŋ baˈlas,,
pok,kvw,pok,vi,,,,,,,,,ˈpok,,
polong,kvw,polong,n,Likely from Makasar ‹paŋkuluʔ› 'axe'.,,,,,,,,ˈpoloŋ,,
pong,kvw,pong,dem.mann,,pang,,,,,,,ˈpoŋ,,
-posing,kvw,-posing,vi,,,,I_S,,,,,[C/a-]ˈposiŋ,,
poti,kvw,poti,n,,,,,,,,,ˈpoti,,
poting,kvw,poting,n,,,,,,,,,ˈpotiŋ,,
prekeng,kvw,prekeng,vi,,,,,,,,,ˈprɛkɛŋ ~ pəˈrɛkɛŋ,,
pring,kvw,pring,n,,,,,,,,,ˈpriŋ ~ pəˈriŋ,,
pruak_mi-_-ket,kvw,pruak mi- -ket,vi,,,,I_S,,,,,ˈpruak mi[C/a-]ˈkɛt ~ pəˈruak mi[C/a-]ˈkɛt,,
pude,kvw,pude,vt,,,,,,,,,puˈdɛ,,
pudung,kvw,pudung,n,,,,,,,,,ˈpuduŋ,,
pui,kvw,pui,n,"Likely early Austronesian borrowing, cf. PMP *buaq 'fruit; areca palm' (ACD).",mas,,,,,,,ˈpuj,,R003[Borrowed_Word]
pui_bak,kvw,pui bak,n+vt,,,,,,,,,ˈpui ˈbak,,
pui_bok,kvw,pui bok,n,,,,,,,,,puj ˈbok,,
pui_bol,kvw,pui bol,n,,,,,,,,,puj ˈbol,,
pui_mas,kvw,pui mas,n,,,,,,,,,ˈpuj ˈmas,,
puimunim,kvw,puimunim,n,,,,,,,,,pujˈmunim,,
puler,kvw,puler,vi,,,,,,,,,puˈlɛr,,
puli,kvw,puli,n,,LX000101,,,,,,,ˈpuli,,
punak,kvw,punak,n,,,,,,,,,ˈpunak,,
puner,kvw,puner,vi,,,,,,,,,ˈpunɛr,,
pur,kvw,pur,n,,,,,,,,,ˈpur,,
LX000220,kvw,pur dèlang,n,,pur ; LX000033,,,clear garden,,,,ˈpur dəˈlaŋ ~ ˈpur daˈlaŋ,,
pur_mamar,kvw,pur mamar,n,"mamar < Kupang Malay ‹mamar› 'orchard, garden for trees that yield for a long time'.",pur,,,,,,,pur ˈmamar,,
Purasi,kvw,Purasi,n,,wasi ; Pureman,,,,,,,Puˈrasi,,
Pureman,kvw,Pureman,n,,Purasi,,,,,,,Puˈrɛman,,
put,kvw,put,vi,,,,,,,,,ˈput,,
LX000221,kvw,put mèdek,vi,,,,,close open eyes,,,,ˈput məˈdɛk ~ ˈput mɛˈdɛk,,
put_sob,kvw,put sob,n,,put ; sob,,,close eyes house,,,,put ˈsob,,
LX000222,kvw,pèdakar,vi,,LX000213,,,,,,,pəˈdakar ~ paˈdakar,,
LX000223,kvw,pède,n,Alorese ‹peda› 'machete' < Portuguese ‹espada› 'sword'.,,,,,,,,pəˈdɛ ~ pɛˈdɛ,,
LX000224,kvw,pèdik,vi,,,,,,,,,pəˈdik ~ piˈdik,,
LX000225,kvw,pèdik,vt,,,,,,,,,pəˈdik ~ piˈdik,,
LX000226,kvw,pèdik pok,vi,,,,,,,,,pəˈdik pok ~ piˈdik pok,,
LX000227,kvw,pèdot,vi,,,,,,,,,pəˈdot ~ poˈdot,,
LX000228,kvw,pèdot,adv,,,,,,,,,pəˈdot ~ poˈdot,,
LX000229,kvw,pèkoda,vi,,,,,,,,,pəˈkoda ~ poˈkoda,,
LX000230,kvw,pèlatar,vi,,,,,,,,,pəˈlatar ~ paˈlatar,,
LX000231,kvw,pèlit,vi,,,,,,,,,pəˈlit ~ piˈlit,,
LX000232,kvw,pène,n,,,,,,,,,pəˈnɛ ~ pɛˈnɛ,,
LX000233,kvw,pèneki,vi,,esel,,,,,,,pəˈnɛki ~ pɛˈnɛki,,
LX000234,kvw,pèpu,n,,,,,,,,,pəˈpu ~ puˈpu,,
LX000235,kvw,pèreki,n,,,,,,,,,pəˈrɛki ~ pɛˈrɛki,,
LX000236,kvw,pèsikir,vt,,,,,,,,,pəˈsikir ~ piˈsikir,,
LX000237,kvw,pètalang,n,,,,,,,,,pəˈtalaŋ ~ paˈtalaŋ,,
LX000238,kvw,pètar,adv,,,,,,,,,pəˈtar ~ paˈtar,,
LX000239,kvw,pèter,n,"Likely ultimately from Malay ‹batari› ‘sorghum’, but the relevant intermediates are not known, likely languages to the West. Vowels suggest this was a distinct borrowing event to that of pètori.",LX000244,,,,,,,pəˈtɛr ~ pɛˈtɛr,,
LX000240,kvw,pèter bruking,n,,,,,,,,,pəˈtɛr ˈbrukiŋ ~ pɛˈtɛr ˈbrukiŋ,,
LX000241,kvw,pèter mad,n,,LX000239 ; LX000143,,,cooked corn,,,,pəˈtɛr ˈmad ~ pɛˈtɛr ˈmad,,
LX000242,kvw,pètok,n,,,,,,,,,pəˈtok ~ poˈtok,,
LX000243,kvw,pètor,vi,,,,,,,,,pəˈtor ~ poˈtor,,
LX000244,kvw,pètori,n,"Likely ultimately from Malay ‹batari› ‘sorghum’, but the relevant intermediates are not known, likely languages to the West. Vowels suggest this was a distinct borrowing event to that of pèter.",LX000239,,,,,,,pəˈtori ~ poˈtori,,
ribu,kvw,ribu,num,Malay ‹ribu› 'thousand'.,,,,,,,,ˈribu,,
roti,kvw,roti,n,Erai ‹ruti› 'monitor lizard'.,,,,,,,,ˈroti,,
LX000245,kvw,=sa,conj,,,,,,,,,=sa,,
sai,kvw,sai,vi,,lesai ; misai,,,,,,,ˈsaj,,
sakalak,kvw,sakalak,n,,,,,,,,,saˈkalak,,
sakalela,kvw,sakalela,vi,"Moluccan Malay ‹cakalele›, possibly via a Moluccan trading language such as Geser-Goram.",,,,,,,,sakaˈlɛla,,
sakpul,kvw,sakpul,n,,aya_keng,,,,,,,sakˈpul ~ sakaˈpul,,
saku,kvw,saku,n,,saku_idem,,,,,,,ˈsaku,,
saku_idem,kvw,saku idem,n,,,,,,,,,ˈsaku ˈidɛm,,
sal,kvw,sal,n,,uder,,,,,,,ˈsal,,
salak,kvw,salak,n,"Widespread loanword extending eastward from Javanese ‹salaka› 'silver' and Malay ‹selaka› 'silver', ultimately from Sanskrit ‹chalaka› 'delusive' according to Gonda (1973). Possible intermediate source languages are found on all sides of Alor, e.g., Makasar, Bugis ‹salaka› 'silver', Alorese ‹salaka› 'silver'.",,,,,,,,ˈsalak,,R002[Borrowed_Word]
-salar,kvw,-salar,n,,,,obl,,,,,[Cɛ-]ˈsalar,,
sali_wekel,kvw,sali wekel,n,,LX000341 ; LX000342,,,,,,,sali ˈwɛkɛl,,
saliat,kvw,saliat,n,,,,,,,,,saˈliat,,
samarai,kvw,samarai,n,Likely borrowing from Timorese Austronesian. This Wersing item appears to involve a form {sa-} a reduction of a form like Tetun ‹sabraka› 'orange' plus a form similar to Tetun ‹malae› 'foreign'. Tetun not likely the source here.,mud,,,,,,,saˈmaraj,,
-sap,kvw,-sap,n,,,,obl,,,,,[Cɛ-]ˈsap,,
sapi,kvw,sapi,n,Malay ‹sapi› 'cow'.,,,,,,,,ˈsapi,,
sapikang,kvw,sapikang,n,,-sap,,,,,,,ˌsapiˈkaŋ,,
sari,kvw,sari,n,Alorese sari 'sea wife'.,,,,,,,,ˈsari,,
Sawila,kvw,Sawila,n,,,,,,,,,saˈwila,,
se,kvw,se,n,,sekok,,,,,,,ˈsɛ,,
LX000246,kvw,se,vt,,-et_se ; madang,,,,,,,ˈsɛ,,
se_adol,kvw,se adol,n,,LX000246 ; adol,,,chicken bird,,,,ˈsɛ aˈdol,,
sebeng,kvw,sebeng,n,,,,,,,,,ˈsɛbɛŋ,,
sekok,kvw,sekok,n,,LX000246,,,,,,,ˈsɛkok,,
seli,kvw,seli,vi,,miseli,,,,,,,ˈsɛli,,
seli_lakal,kvw,seli lakal,vi,,,,,,,,,ˈsɛli ˈlakal,,
seli_molong,kvw,seli molong,vi,,,,,,,,,ˈsɛli ˈmoloŋ,,
semel,kvw,semel,vt,,-yakal,,(IV_P),,,,,ˈsɛmɛl,,
semreki,kvw,semreki,n,,,,,,,,,sɛmˈrɛki ~ sɛmɛˈrɛki,,
seng,kvw,seng,n,Malay ‹seng› < Dutch ‹zink› 'zinc'.,,,,,,,,ˈsɛŋ,,
seper,kvw,seper,n,,,,,,,,,ˈsɛpɛr,,
ser,kvw,ser,vi,,aruk ; leser,,,,,,,ˈsɛr,,
LX000247,kvw,ser,n,,,,,,,,,ˈsɛr,,
serapa,kvw,serapa,adv,,,,,,,,,sɛˈrapa,,
seri,kvw,seri,n,,,,,,,,,ˈsɛri,,
-sesbuk,kvw,-sesbuk,n,,,,obl,,,,,[C/a-]sɛsˈbuk ~ [C/a-]sɛsɛˈbuk,,
-seser,kvw,-seser,vi,,le-_-seser,,I_S,,,,,[C/a-]ˈsɛsɛr,,
si,kvw,si,vt,,,,,,,,,ˈsi,,
LX000248,kvw,=si,conj,,,,,,,,,=si,,
sibai,kvw,sibai,n,,-atok_sibai,,,,,,,siˈbaj,,
sik,kvw,sik,vi,,,,,,,,,ˈsik,,
sikek,kvw,sikek,vt,,,,,,,,,siˈkɛk,,
LX000249,kvw,sikek,vi,,,,,,,,,siˈkɛk,,
sikeng,kvw,sikeng,vi,,,,,,,,,siˈkɛŋ,,
sikeri,kvw,sikeri,n,,tok ; ek,,,,,,,siˈkɛri,,
sikol,kvw,sikol,n,Malay ‹sekolah› < Dutch ‹school›.,,,,,,,,ˈsikol,,
LX000250,kvw,sikol,vi,,,,,,,,,ˈsikol,,
silak_malak,kvw,silak malak,n,,,,,,,,,ˈsilak ˈmalak,,
siler,kvw,siler,n,,,,,,,,,siˈlɛr,,
-silu,kvw,-silu,n,,,,obl,,,,,[Cɛ-]ˈsilu,,
sime,kvw,sime,n,,sinenger,,obl,,,,,siˈmɛ,,
sin,kvw,sin,n,"Malay ‹cina› 'China, Chinese'.",,,,,,,,ˈsin,,
sin_sob,kvw,sin sob,n,,,,,Chinese house,,,,sin ˈsob,,
sinenger,kvw,sinenger,n,,sime,,,,,,,siˈnɛŋɛr,,
-sir,kvw,-sir,vi,,,,I_S,,,,,[C/a-]ˈsir,,
LX000251,kvw,-sir,vi,,,,IV_S,,,,,[Caj-]ˈsir,,
LX000252,kvw,-sir,vt,,,,IV_P,,,,,[Caj-]ˈsir,,
-sir_-mai,kvw,-sir -mai,n,,,,obl,,,,,[Cɛ-]ˈsir [C/ɛ-]ˈmaj,,
-sir_-tati,kvw,-sir -tati,vi,,,,I_S,,,,,[C/a-]ˈsir [C/a-]ˈtati,,
sire,kvw,sire,n,"Likely Austronesian, cf. PMP *sudu 'spoon, ladle, scoop' (ACD).",,,,,,,,siˈrɛ,,R003[Borrowed_Word]
sirwis,kvw,sirwis,n,Tetun ‹serbisu› ‘work’ < Portuguese ‹service›.,,,,,,,,sirˈwis ~ siriˈwis,,
skam,kvw,skam,n,,,,,,,,,ˈskam ~ səˈkam ~ saˈkam,sèkam,
skau,kvw,skau,vt,,,,(IV_P),,,,,ˈskaw ~ səˈkaw,,
ski,kvw,ski,n,,,,,,,,,ˈski ~ səˈki ~ siˈki,sèki,
ski_mos,kvw,ski mos,n,,,,,,,,,ˈski mos ~ səˈki mos ~ siˈki mos,,
slaing,kvw,slaing,n,,,,,,,,,ˈslajŋ ~ səˈlajŋ,,
slar,kvw,slar,n,,,,,,,,,ˈslar ~ səˈlar,,
soal,kvw,soal,n,,LX000246 ; LX000338,,,,,se-wal,,ˈsoal,,
sob,kvw,sob,n,"Tokodede Maubara ‹soa› ‘house’ (< *sowa, cf. Tokodede Likisa ‹soba› ‘sitting place made of slatted bamboo, typically placed under a traditional house’; *b > w is regular in Maubara Tokodede).",,,,,,,,ˈsob,,
sob_gapa,kvw,sob gapa,n,,gapa,,,,,sob g-apa,,sob ˈgapa,,
sob_-mai,kvw,sob -mai,vi S,,sob ; -mai,,,come house,,,,ˈsob [C/a-]ˈmaj,,
LX000253,kvw,sob mèna,n,,,,,,,,,ˈsob məˈna ~ ˈsob maˈna,,
-soi,kvw,-soi,vt,,lesoi,,I_P,,,,,[C/a-]ˈsoj,,
sok,kvw,sok,vi,,,,,,,,,ˈsok,,
sor,kvw,sor,vt,"Central Timorese Austronesian, Tokodede ‹sor›, Kemak ‹sora› 'sew' < PCMP *sora 'sew' (ACD).",,,,,,,,ˈsor,,R003[Borrowed_Word]
sorong,kvw,sorong,n,,,,,,,,,ˈsoroŋ,,
-sorong,kvw,-sorong,vi,,-sorong_-king,,I_S,,,,,[C/a-]ˈsoroŋ,,
-sorong_-king,kvw,-sorong -king,vi,,,,I_S,,,,,[C/a-]ˈsoroŋ [C/a-]ˈkiŋ,,
sri,kvw,sri,n,,,,,,,,,ˈsri ~ səˈri ~ siˈri,sèri,
sriping,kvw,sriping,n,,,,,,,,,ˈsripiŋ ~ səˈripiŋ ~ siˈripiŋ,,
sruing,kvw,sruing,n,,ket_sruing,,,,,,,ˈsruiŋ ~ səˈruiŋ,,
suai,kvw,suai,vt,,,,(IV_P),,,,,ˈsuaj,,
suak,kvw,suak,vt,,,,,,,,,ˈsuak,,
LX000254,kvw,suak,n,,,,,,,,,suˈak,,
sueri,kvw,sueri,vi,,,,,,,,,suˈɛri,,
sui,kvw,sui,vi,,,,,,,,,ˈsui,,
suka,kvw,suka,n,,,,,,,,,suˈka,,
LX000255,kvw,suka,n,,,,,,,,,suˈka,,
-sur,kvw,-sur,vt,,,,I_P,,,,,[C/a-]ˈsur,,
sus,kvw,sus,vi,Malay ‹susah› 'hardship'.,,,,,,,,ˈsus,,
susrai,kvw,susrai,n,,,,,,,,,susˈraj ~ susuˈraj,,
LX000256,kvw,Sèbudu,n,,,,,,,,,səˈbudu ~ suˈbudu,,
LX000257,kvw,sèlu,n,,topol,,,,,,,səˈlu ~ suˈlu,,
LX000258,kvw,sèmu,n,,,,,,,,,səˈmu ~ suˈmu,,
LX000259,kvw,sèni,vt,,,,,,,,,səˈni ~ siˈni,,
LX000260,kvw,sèning,adv,,,,,,,,,səˈniŋ ~ siˈniŋ,,
LX000261,kvw,sèpa,n,,,,,,,,,səˈpa ~ saˈpa,,
LX000262,kvw,sèpa gètaing,vi,,LX000261 ; LX000271,,,drop a fishing line,,,,səˈpa gəˈtajŋ ~ saˈpa gaˈtajŋ,,
LX000263,kvw,sèpe takul,n,sèpe < Tetun ‹sapeu› < Portuguese ‹chapéu› 'hat'.,takul,,,,,,,səˈpɛ ˈtakul ~ sɛˈpɛ ˈtakul,,
LX000264,kvw,sèpir,n,,kadang,,,,,,,səˈpir ~ siˈpir,,
LX000265,kvw,sèrang krai,n,,,,,,,,,səˈraŋ kraj ~ saˈraŋ kraj,,
LX000266,kvw,sèsau,n,,,,,,,,,səˈsaw ~ saˈsaw,,
LX000267,kvw,sèsau kèlal,n,,,,,,,,,səˈsaw kəˈlal,,
LX000268,kvw,sèsong,vi,,,,,,,,,səˈsoŋ ~ soˈsoŋ,,
t-,kvw,t-,prefix,,,,,,,,,t- ~ tə-,,
ta,kvw,ta,vt,,mita ; LX000164,,,,,,,ˈta,,
ta-,kvw,ta-,prefix,,,,,,,,,ta-,,
taba,kvw,taba,vt,,,,,,,,,ˈtaba,,
tabe,kvw,tabe,vi,"Malay ‹tabe› 'greet', possibly with Timorese Austronesian imtermediate, e.g., Helong ‹tabe› 'greet, respect'.",-natabe,,,,,,,ˈtabɛ,,
tadi,kvw,tadi,pro,,t- ; ta-,,,,,,,ˈtadi,,
tadi_mita,kvw,tadi mita,vi,,,,,,,,,ˈtadi ˈmita,,
tai,kvw,tai,pro,,LX000028 ; taida,,,,,,,ˈtaj,,
tai-,kvw,tai-,prefix,,,,,,,,,taj-,,
-tai,kvw,-tai,vi,,,,I_S,,,,,[C/a-]ˈtaj,,
taida,kvw,taida,pro,,,,,,,,,ˈtajda,,
taing,kvw,taing,vi,,,,,,,,,ˈtajŋ,,
LX000269,kvw,taing,vt,,,,,,,,,ˈtajŋ,,
-taing,kvw,-taing,vt,,LX000269 ; LX000154,,I_P,,,,,[C/a-]ˈtajŋ,,
LX000270,kvw,-taing,vi,,LX000269 ; LX000154,,I_S,,,,,[C/a-]ˈtajŋ,,
LX000271,kvw,-taing,vt,,LX000269 ; LX000339,,I_A,,,,,[C/a-]ˈtajŋ,,
taipe,kvw,taipe,tag,,tapi ; LX000043,,,,,tapi=e,,ˈtajpɛ,,
tak,kvw,tak,vt,,letak,,,,,,,ˈtak,,
takad,kvw,takad,vt,,,,,,,,,taˈkad,,
takul,kvw,takul,n,,LX000263,,,,,,,ˈtakul,,
LX000272,kvw,takèwai,vi,,LX000273,,,,,,,takəˈwaj ~ takaˈwaj,,
LX000273,kvw,takèwai takèdir,vi,,LX000272,,,,,,,takəˈwaj takəˈdir ~ takaˈwaj takiˈdir,,
-tal,kvw,-tal,n,,,,inal,,,,,[C/a-]ˈtal,,
tamak,kvw,tamak,n,Likely borrowing given that tamarind was introduced from India (Verheijen 1984:69).,,,,,,,,ˈtamak,,R001[Borrowed_Word]
tamu,kvw,tamu,n,,ol_tamu,This is a reciprocal kin term whose reference can be clarified by means the expression ol tamu 'child grandparent/child' which exclusively refers to grandchild.,obl,,,,,[Cɛ-]ˈtamu,,
tangkabeber,kvw,tangkabeber,n,,betkol,,,,,,,taŋkaˈbɛbɛr,,
taning,kvw,taning,clf,,,,,,,,,taˈniŋ ~ təˈniŋ,tèning,
tapi,kvw,tapi,vi,,taipe,,,,,,,ˈtapi,,
-tat,kvw,-tat,n,,,,obl,,,,,[Cɛ-]ˈtat,,
-tati,kvw,-tati,vi,,le-_-tati ; mi-_-tati,,I_S,,,,,[C/a-]ˈtati,,
tawi,kvw,tawi,pro,,,,,,,,,taˈwi,,
te,kvw,te,n,,LX000335,,,,,,,ˈtɛ,,
te-,kvw,te-,prefix,,,,,,,,,tɛ-,,
LX000274,kvw,=te,conj,,teng,,,,,,,=tɛ,,
tei,kvw,tei,vt,,,,,,,,,ˈtɛj,,
-teing,kvw,-teing,vt,,,,I_P,,,,,[C/a-]ˈtɛjŋ,,
teng,kvw,teng,adv,,LX000274,,,,,,,tɛŋ,,
-teng,kvw,-teng,n,,,,inal,,,,,[C/a-]ˈtɛŋ,,
-tenuk,kvw,-tenuk,n,,,,inal,,,,,[C/a-]ˈtɛnuk,,
-ter,kvw,-ter,vt,,,,I_P,,,,,[C/a-]ˈtɛr,,
teta,kvw,teta,pro,,,,,,,,,ˈtɛta,,
tewe,kvw,tewe,pro,,,,,,,,,tɛˈwɛ,,
teweng,kvw,teweng,pro,,,,,,,,,ˈtɛwɛŋ,,
tili,kvw,tili,intj,,,,,,,,,ˈtili,,
tinuk,kvw,tinuk,pro,,,,,,,,,tiˈnuk ~ təˈnuk,tènuk,
LX000275,kvw,=to,elev,,tong ; tono ; tona,,,,,,,=to,,
tok,kvw,tok,n,"Austronesian, cf. PMP *tuak 'palm wine' (ACD).",,,,,,,,ˈtok,,R003[Borrowed_Word]
tomu,kvw,tomu,vi,,LX000122 ; lor_tomu,,,,,,,ˈtomu,,
tona,kvw,tona,elev,,tong ; tono,,,,,,,ˈtona,,
tong,kvw,tong,elev,,tono ; tona,,,,,,,ˈtoŋ,,
tono,kvw,tono,elev,,tong ; tona,,,,,,,ˈtono ~ ˈtonu,tonu,
topol,kvw,topol,n,,LX000257,,,,,,,ˈtopol,,
towak,kvw,towak,n,,,,,,,,,ˈtowak,,
tro,kvw,tro,inter,,,,,,,,,ˈtro,,
trong,kvw,trong,inter,,,,,,,,,ˈtroŋ ~ təˈroŋ,,
trong_paite,kvw,trong paite,inter,,,,,,,,,ˈtroŋ pajtɛ ~ təˈroŋ pajtɛ,,
trongte,kvw,trongte,inter,,,,,,,,,ˈtroŋtɛ ~ təˈroŋtɛ,,
troumingte,kvw,troumingte,inter,,,,,,,,,ˈtroumiŋtɛ,,
tu,kvw,tu,num,,,,,,,,,ˈtu,,
tuata,kvw,tuata,vi,,,,,,,,,tuˈata,,
tuk,kvw,tuk,vi,,tuk_pok ; LX000277,,,,,,,ˈtuk,,
LX000276,kvw,tuk,n,,,,obl,,,,,ˈtuk,,
LX000277,kvw,tuk bèbol,vi,,LX000276 ; tuk_pok,,,,,,,ˈtuk bəˈbol ~ ˈtuk boˈbol,,
tuk_pok,kvw,tuk pok,vi,,pok ; LX000277,,,,,,,ˈtuk ˈpok,,
tuki,kvw,tuki,vt,,LX000276,,,,,,,ˈtuki,,
tuk-tuk,kvw,tuk-tuk,adv,,,,,,,,,tuk~ˈtuk,,
tukuata,kvw,tukuata,n,,,,,,,,,tukuˈata,,
-tulung,kvw,-tulung,vt,,,,IV_P,,,,,[Caj-]ˈtuluŋ,,
tum,kvw,tum,vt,,,,,,,,,ˈtum,,
tur,kvw,tur,vi,,,,,,,,,ˈtur,,
tutung,kvw,tutung,vi,,,,,,,,,ˈtutuŋ,,
LX000278,kvw,tèbaka,pro,,,,,,,,,təˈbaka ~ taˈbaka,,
LX000279,kvw,tèbaku,n,Tetun ‹tabaku› < Portuguese ‹tabaco› 'tobacco'.,,,,,,,,təˈbaku ~ taˈbaku,,
LX000280,kvw,tèbel,vi,,,,,,,,,təˈbɛl ~ tɛˈbɛl,,
LX000281,kvw,-tèbel,vt,,LX000280,,IV_P,,,,,[Caj-]təˈbɛl ~ [Caj-]tɛˈbɛl,,
LX000282,kvw,tèberi,vi,,,,,,,,,təˈbɛri ~ tɛˈbɛri,,
LX000283,kvw,tèbisil,vi,,,,,,,,,təˈbisil ~ tiˈbisil,,
LX000284,kvw,tèbul,vt,,,,,,,,,təˈbul ~ tuˈbul,,
LX000285,kvw,tèbutil,vi,,,,,,,,,təˈbutil ~ tuˈbutil,,
LX000286,kvw,tède,vt,,LX000294,,,,,,,təˈdɛ ~ tɛˈdɛ,,
LX000287,kvw,tèdor,vi,,,,,,,,,təˈdor ~ toˈdor,,
LX000288,kvw,tèkau,vt,"Austronesian, cf. PMP *takaw 'steal' (ACD). This is an early Austronesian borrowing that preserves the diphthong that was lost in most Austronesian languages in area.",,,,,,,,təˈkaw ~ taˈkaw,,R003[Borrowed_Word]
LX000289,kvw,tèked,vi,,,,,,,,,təˈkɛd ~ tɛˈkɛd,,
LX000290,kvw,tèkiling,n,,,,,,,,,təˈkiliŋ ~ tiˈkiliŋ,,
LX000291,kvw,tèko,n,,unang,,,,,,,təˈko ~ toˈko,,
LX000292,kvw,-tèko,vi,,ko,,II_S,,,,,[Cɛ-]təˈko ~ [Cɛ-]toˈko,,
LX000293,kvw,tèkod,vt,,,,,,,,,təˈkod ~ toˈkod,,
LX000294,kvw,tèkuli,vt,,LX000286,,,,,,,təˈkuli ~ tuˈkuli,,
LX000295,kvw,tèla,n,,,,,,,,,təˈla ~ taˈla,,
LX000296,kvw,tèlam,num,,,,,,,,,təˈlam ~ taˈlam,,
LX000297,kvw,tèlar,vi,,,,,,,,,təˈlar ~ taˈlar,,
LX000298,kvw,tèleng,vi,,,,,,,,,təˈlɛŋ ~ tɛˈlɛŋ,,
LX000299,kvw,tèleng pur,n,,,,,war garden,,,,təˈlɛŋ ˈpur ~ tɛˈlɛŋ ˈpur,,
LX000300,kvw,tèler,vi,,,,,,,,,təˈlɛr ~ tɛˈlɛr,,
LX000301,kvw,-tèletel,vt,,,,IV_P,,,,,[Caj-]təˈlɛtɛl ~ [Caj-]tɛˈlɛtɛl,,
LX000302,kvw,-tèleteng,vi,,,,II_S,,,,,[Cɛ-]təˈlɛtɛŋ,,
LX000303,kvw,tèma,n,,,,,,,,,təˈma ~ taˈma,,
LX000304,kvw,tèma kula,n,,LX000303 ; kula,,,sea foam,,,,təˈma kuˈla ~ taˈma kuˈla,,
LX000305,kvw,tèmarang,pro,,,,,,,,,təˈmaraŋ ~ taˈmaraŋ,,
LX000306,kvw,tème,n,,,,,,,,,təˈmɛ ~ tɛˈmɛ,,
LX000307,kvw,-tème,vt,,lewesi,,II_A,,,-t-me,,[Cɛ-]təˈmɛ ~ [Cɛ-]tɛˈmɛ,,
LX000308,kvw,tèmekeng,vt,,-mekeng,,,,,t-mekeng,,təˈmɛkɛŋ ~ tɛˈmɛkɛŋ,,
LX000309,kvw,tèmes,vi,,irada,,,,,,,təˈmɛs ~ tɛˈmɛs,,
LX000310,kvw,tèmur,n,"Austronesian, cf. PMP *timuR ‘southeast monsoon’ (ACD).",,,,,,,,təˈmur ~ tuˈmur,,R003[Borrowed_Word]
LX000311,kvw,tènaing,pro,,,,,,,,,təˈnajŋ ~ taˈnajŋ,,
LX000312,kvw,tènal,pro,,,,,,,,,təˈnal ~ taˈnal,,
LX000313,kvw,tènanasu,pro,,,,,,,tè-na~nasu,,tənaˈnasu ~ tanaˈnasu,,
LX000314,kvw,-tènar,vt,,,,II_P,,,,,[Cɛ-]təˈnar ~ [Cɛ-]taˈnar,,
LX000315,kvw,-tènar -nusar,vt,,,,"II_P, I_P",,,,,[Cɛ-]təˈnar [C/a-]ˈnusar ~ [Cɛ-]taˈnar [C/a-]ˈnusar,,
LX000316,kvw,tènasu,pro,,,,,,,,,təˈnasu ~ taˈnasu,,
LX000317,kvw,tènolu,vi,,LX000155,,,,,,,təˈnolu ~ toˈnolu,,
LX000318,kvw,tèpa,vi,,,,,,,,,təˈpa ~ taˈpa,,
LX000319,kvw,tèpur,adv,,,,,,,,,təˈpur ~ tuˈpur,,
LX000320,kvw,tèresi,vi,,LX000088 ; LX000321,Also found in a small number of fixed combinations.,,,,,,təˈrɛsi ~ tɛˈrɛsi,,
LX000321,kvw,tèresi dèlok,vi,,,,,,,,,təˈrɛsi dəˈlok ~ tɛˈrɛsi doˈlok,,
LX000322,kvw,tèsuk tèdeng,vi,,,,,,,,,təˈsuk təˈdɛŋ ~ tuˈsuk tɛˈdɛŋ,,
LX000323,kvw,tèsur,vi,,,,,,,,,təˈsur ~ tuˈsur,,
LX000324,kvw,tèteng ada,vi,,,,,,,,,təˈtɛŋ aˈda ~ tɛˈtɛŋ aˈda,,
LX000325,kvw,-tèter,vi,,-seser,,I/II_S,,,,,[Cɛ/a-]təˈtɛr ~ [Cɛ/a-]tɛˈtɛr,,
LX000326,kvw,tèting,n,,,,,,,,,təˈtiŋ ~ tiˈtiŋ,,
LX000327,kvw,tètong,n,,,,,,,,,təˈtoŋ ~ toˈtoŋ,,
LX000328,kvw,tètu,vi,,,,,,,,,təˈtu ~ tuˈtu,,
LX000329,kvw,tètuk,vi,,LX000119 ; -natutuk,,,,,,,təˈtuk ~ tuˈtuk,,
LX000330,kvw,tèwakaleng,vi,,,,,,,,,təˈwakalɛŋ ~ taˈwakalɛŋ,,
uder,kvw,uder,vt,,sal,,,,,,,uˈdɛr,,
uding,kvw,uding,vi,,,,,,,,,uˈdiŋ,,
-uing,kvw,-uing,vi,,,,I_S,,,,,[C/a-]ˈuʷiŋ,,
LX000331,kvw,-uing,vt,"Austronesian, cf. PMP *buni 'hide, conceal' (ACD). Likely early borrowing.",,,I_P,,,,,[C/a-]ˈuʷiŋ,,R003[Borrowed_Word]
LX000332,kvw,-uing kèra,n,,,,inal,,,,,[C/a-]ˈuʷiŋ kəˈra ~ [C/a-]ˈuʷiŋ kaˈra,,
ukabang,kvw,ukabang,n,,,,,,,,,uˈkabaŋ,,
ukasi,kvw,ukasi,n,,,,,,,,,uˈkasi,,
ukulau,kvw,ukulau,n,,,,,,,,,uˈkulaw,,
ulel,kvw,ulel,n,,,,,,,,,uˈlɛl,,
ulet,kvw,ulet,n,,,,,,,,,uˈlɛt,,
Ulil,kvw,Ulil,n,,,,,,,,,uˈlil,,
ulunang,kvw,ulunang,n,,,,,,,,,uˈlunaŋ,,
ulung,kvw,ulung,n,"Austronesian, cf. PMP *qulin 'rudder; steer (a boat)' (ACD). Likely West Timorese Austronesian source, e.g., Helong ‹ulin› 'rudder'.",,,,,,,,ˈuluŋ,,R003[Borrowed_Word]
unang,kvw,unang,n,,LX000291 ; LX000172,,,,,,,uˈnaŋ,,
unang_geya,kvw,unang geya,n,,unang ; LX000347 ; soal,,,louse's mother,,unang ge-a,,uˈnaŋ gɛˈja,,
unar,kvw,unar,n,,,,,,,,,uˈnar,,
upa,kvw,upa,n,,,,,,,,,uˈpa,,
urak,kvw,urak,n,,,,,,,,,uˈrak,,
LX000333,kvw,urak,n,,,,,,,,,uˈrak,,
uru,kvw,uru,vi,,,,,,,,,uˈru,,
usasi,kvw,usasi,vi,,,,,,,,,uˈsasi,,
LX000334,kvw,usasi,vt,,,,,,,,,uˈsasi,,
uteng,kvw,uteng,n,"Austronesian, cf. PMP *qutan 'small, wild herbaceous plants; scrub-land, bush' (ACD). Possible source languages found on all sides of Alor.",kol_teng,,,,,,,uˈtɛŋ,,R003[Borrowed_Word]
wa,kvw,wa,n,,LX000138,,,,,,,ˈwa,,
LX000335,kvw,wa,n,"Austronesian, cf. PCMP *bayan 'row'. Known reflexes of this are concentrated in SW Maluku, e.g., Kisar ‹wain›, Leti ‹vaːni› 'row'.",te,,,,,,,ˈwa,,
wa-_-nir,kvw,wa- -nir,vd/t,,,,I_P,,,,,wa-[C/a-]ˈnir,,
wah,kvw,wah,intj,,,,,,,,,ˈwah,,
wai,kvw,wai,n,,,,,,,,,ˈwaj,,
LX000336,kvw,wai,vi,,,,,,,,,ˈwaj,,
-wai,kvw,-wai,vi,,,,I_S,,,,,[C/a-]ˈwaj,,
-wai_-mai,kvw,-wai -mai,vi,,,,I_S,,,,,[C/a-]ˈwaj [C/a-]ˈmaj,,
LX000337,kvw,wai mèreki,vt,,,,,,,,,ˈwaj məˈrɛki ~ ˈwaj mɛˈrɛki,,
-wai_-pai,kvw,-wai -pai,vi,,,,I_S,,,,,[C/a-]ˈwaj [C/a-]ˈpaj,,
wai_taing,kvw,wai taing,vt,,,,,,,,,ˈwaj ˈtajŋ,,
waite,kvw,waite,vt,,,,,,,,,ˈwajtɛ,,
-wak,kvw,-wak,n,,,,obl,,,,,[Cɛ-]-ˈwak,,
-wak_-lolol,kvw,-wak -lolol,n,,-wak,,"obl, inal",,,,,[Cɛ-]ˈwak [C/a-]ˈlolol,,
wakar,kvw,wakar,vt,,lewakar,,,,,,,ˈwakar,,
-wakat,kvw,-wakat,n,,,,inal,,,,,[C/a-]ˈwakat,,
wal,kvw,wal,n,,soal,,obl,,,,,[Cɛ-]ˈwal,,
LX000338,kvw,wal,vi,,,,,,,,,ˈwal,,
-wal,kvw,-wal,n,,,,inal,,,,,[C/a-]ˈwal,,
-wala,kvw,-wala,vi,,,,I_S,,,,,[C/a-]ˈwala,,
wali,kvw,wali,vt,,,,,,,,,ˈwali,,
-wamal,kvw,-wamal,vi,,,,I_S,,,,,[C/a-]ˈwamal,,
war,kvw,war,coord,,,,,,,,,ˈwar,,
-wari,kvw,-wari,vi,"Austronesian, PMP *balik ‘reverse, turn around’ (ACD). Certainly a seperate borrowing event from that of -wari 'return, go back'.",,,I_S,,,,,[C/a-]ˈwari,,R003[Borrowed_Word]
LX000339,kvw,-wari,vt,"Austronesian, PMP *balik ‘reverse, turn around’ (ACD). Certainly a seperate borrowing event from that of -wari 'return, go back'.",,,I_P,,,,,[C/a-]ˈwari,,R003[Borrowed_Word]
LX000340,kvw,-wari bèlet,vi,,,,I_S,,,,,[C/a-]ˈwari bəˈlɛt ~ [C/a-]ˈwari bɛˈlɛt,,
wasi,kvw,wasi,n,,,,obl,,,,,ˈwasi,,
wataing,kvw,wataing,vt,,,,,,,,,ˈwatajŋ,,
wawa,kvw,wawa,n,,,,,,,,,ˈwawa,,
wawar,kvw,wawar,adv,,,,,,,,,ˈwawar,,
we,kvw,we,n,,sali_wekel,,,,,,,ˈwɛ,,
LX000341,kvw,we,vi,,,,,,,,,ˈwɛ,,
we_sunang,kvw,we sunang,n,,,,,,,,,ˈwɛ suˈnaŋ,,
wei,kvw,wei,n,,,,,,,,,ˈwɛj,,
wei_tutung,kvw,wei tutung,n+vi,,wei ; tutung,,,hot blooded,,,,ˈwɛj ˈtutuŋ,,
wekel,kvw,wekel,n,,,,,,,,,ˈwɛkɛl,,
LX000342,kvw,wekel,vi,,,,,,,,,ˈwɛkɛl,,
-welak,kvw,-welak,vi,"Austronesian, PMP *balik ‘reverse, turn around’ (ACD). Certainly a seperate borrowing event from that of -wari 'return, go back'.",,,I_S,,,,,[C/a-]ˈwɛlak,,R003[Borrowed_Word]
-weli,kvw,-weli,vi,,ira_-weli,,I_S,,,,,[C/a-]ˈwɛli,,
-wentur,kvw,-wentur,vi,,,,I_S,,,,,[C/a-]ˈwɛntur,,
-weri,kvw,-weri,n,,,,inal,,,,,[C/a-]ˈwɛri,,
-weri_mang,kvw,-weri mang,vi,,-weri,,,put on (one's) ears,,,,[C/a-]ˈwɛri ˈmaŋ,,
-werimang,kvw,-werimang,n,,,,inal,,,,,[C/a-]ˈwɛrimaŋ,,
Wersing,kvw,Wersing,n,,,,,,,,,ˈwɛrsiŋ,,
wesi,kvw,wesi,vt,,,,,,,,,ˈwɛsi,,
-wesi,kvw,-wesi,n,,,,inal,,,,,[C/a-]ˈwɛsi,,
Weter,kvw,Weter,n,,,,,,,,,ˈwɛtɛr,,
-weti,kvw,-weti,vt,,,,I_P,,,,,[C/a-]ˈwɛti,,
weting,kvw,weting,num,,,,,,,,,ˈwɛtiŋ,,
weting_arasoku,kvw,weting arasoku,num,,weting ; arasoku,,,five+four,,,,ˈwɛtiŋ araˈsoku,,
weting_tu,kvw,weting tu,num,,weting ; tu,,,five+three,,,,ˈwɛtiŋ tu,,
weting_yoku,kvw,weting yoku,num,,weting ; yoku,,,five+two,,,,ˈwɛtiŋ ˈjoku,,
weyar,kvw,weyar,n,,,,,,,,,ˈwɛjar ~ ˈwɛar,,
wir,kvw,wir,n,,,,,,,,,ˈwir,,
LX000343,kvw,wir,vi,,,,,,,,,ˈwir,,
LX000344,kvw,wir mèkor,vi,,LX000107 ; LX000149,,,,,,,ˈwir məˈkor ~ ˈwir moˈkor,,
wis,kvw,wis,vt,,,,,,,,,ˈwis,,
-wit,kvw,-wit,vi,,,,I_S,,,,,[C/a-]ˈwit,,
wod,kvw,wod,vt,,,,,,,,,ˈwod,,
wokor,kvw,wokor,vt,,LX000154,,,,,,,ˈwokor,,
wolanda,kvw,wolanda,n,Malay ‹wolanda› < Portuguese ‹holanda›.,,,,,,,,woˈlanda,,
wolar,kvw,wolar,vi,,,,,,,,,ˈwolar ~ ˈolar,,
wol-wol,kvw,wol-wol,vi,,,,,,,,,wol~ˈwol,,
wong,kvw,wong,vt,,-pai,,,,,,,ˈwoŋ ~ ˈoŋ,,
wong_dai,kvw,wong dai,vt,,wong ; -dai,,,come up with,,,,ˈwoŋ ˈdaj ~ ˈoŋ ˈdaj,,
wong_lailol,kvw,wong lailol,vt,,wong ; lailol,,,,,,,ˈwoŋ ˈlajlol ~ ˈoŋ ˈlajlol,,
wong_mai,kvw,wong mai,vt,,wong ; -mai,,,come with,,,,ˈwoŋ ˈmaj ~ ˈoŋ ˈmaj,,
wong_mid,kvw,wong mid,vt,,wong ; -mid,,,go up with,,,,ˈwoŋ ˈmid ~ ˈoŋ ˈmid,,
wong_sed,kvw,wong sed,adv,,LX000022,,,,,,,woŋ ˈsɛd ~ oŋ ˈsɛd,,
wor,kvw,wor,n,,,,,,,,,ˈwor ~ ˈor,,
worangki,kvw,worangki,n,,,,,,,,,woˈraŋki ~ oˈraŋki,,
-wori,kvw,-wori,n,,,,inal,,,,,[C/a-]ˈwori,,
workumur,kvw,workumur,n,,,,,,,,,worˈkumur,,
LX000345,kvw,workèded,n,,ol_tuk-tuk,,,,,,,workəˈdɛd ~ workɛˈdɛd,,
worso,kvw,worso,n,,wor,,,,,wor-so,,ˈworso,,
wota,kvw,wota,n,,,,,,,,,ˈwota ~ ˈota,,
wudi,kvw,wudi,n,,,,,,,,,wuˈdi ~ wiˈdi ~ wəˈdi,,
wudi_borong,kvw,wudi borong,n,,,,,,,,,wuˈdi ˈboroŋ,,
wudilei,kvw,wudilei,n,,,,,,,,,wuˈdilɛj ~ uˈdilɛj,,
wuding,kvw,wuding,vi,,,,,,,,,wuˈdiŋ ~ wiˈdiŋ ~ iˈdiŋ,,
wudingle,kvw,wudingle,n,,miwudingle,,,,,,,wuˈdiŋlɛ ~ wiˈdiŋlɛ,,
wuditeng,kvw,wuditeng,n,,,,,,,,,wuˈditɛŋ ~ wiˈditɛŋ,widiteng,
LX000346,kvw,wuditeng mèleng,n,,,,,,,,,wuˈditɛŋ məˈlɛŋ ~ wiˈditɛŋ məˈlɛŋ ~ wuˈditɛŋ mɛˈlɛŋ ~ wiˈditɛŋ mɛˈlɛŋ,,
wuing,kvw,wuing,vt,,,,,,,,,ˈwuiŋ ~ ˈuiŋ,,
wuli,kvw,wuli,vt,,,,,,,,,ˈwuli ~ ˈuli,,
y-,kvw,y-,prefix,,,,,,,,,j- ~ jə-,,
ya-,kvw,ya-,prefix,,,,,,,,,ja-,,
-ya,kvw,-ya,vi,,gea,,II_S,,,,,[Cɛ-]ˈja ~ [Cɛ-]ˈa,,
LX000347,kvw,-ya,n,,,,obl,,,,,[Cɛ-]ˈja ~ [Cɛ-]ˈa,,
-ya_olik,kvw,-ya olik,n,,-aidem,,obl,,,,,[Cɛ-]ˈja ˈolik ~ [Cɛ-]ˈa ˈolik,,
-ya_-pa,kvw,-ya -pa,n,,,,obl,mother father,,,,[Cɛ-]ˈja [Cɛ-]ˈpa,,
yadi,kvw,yadi,pro,,,,,,,,,ˈjadi,,
yai-,kvw,yai-,prefix,,,,,,,,,jaj-,,
yaida,kvw,yaida,pro,,,,,,,,,ˈjajda,,
yaidaute,kvw,yaidaute,intj,,aidaute,,,,,,,jajˈdawtɛ,,
-yakal,kvw,-yakal,vt,,,,I_P,,,,,[C/a-]ˈjakal,,
yal,kvw,yal,adv,,LX000054,,,,,,,ˈjal,,
LX000348,kvw,yal,n,Malay ‹jala› 'net'.,,,,,,,,ˈjal,,
yang,kvw,yang,n,Likely from Malay ‹jangkar› < Dutch ‹anker› 'anchor'.,,,,,,,,ˈjaŋ,,
yaning,kvw,yaning,clf,,,,,,,,,jaˈniŋ ~ jəˈniŋ,yèning,
yar,kvw,yar,n,,,,,,,,,ˈjar,,
-yar,kvw,-yar,n,,LX000347 ; -par,,obl,,,,,[Cɛ-]ˈjar ~ [Cɛ-]ˈar,,
-yatu,kvw,-yatu,vt,,-eri ; -natutuk,,I_P,,,,,[C/a-]ˈjatu,,
yawi,kvw,yawi,pro,,,,,,,,,jaˈwi,,
ye-,kvw,ye-,prefix,,,,,,,,,jɛ-,,
-yebur,kvw,-yebur,n,,,,inal,,,,,[C/a-]jɛˈbur ~ [C/a-]ɛˈbur,,
yel,kvw,yel,n,,,,,,,,,ˈjɛl,,
-yem,kvw,-yem,vt,,,,I/II_P,,,,,[C/a-]ˈjɛm ~ [C/a-]ˈɛm,,
yenal,kvw,yenal,pro,,,,,,,,,jɛˈnal,,
-yepeng,kvw,-yepeng,vi,,le-_-yepeng,,I_S,,,,,[C/a-]ˈjɛpɛŋ ~ [C/a-]ˈɛpɛŋ,,
yer,kvw,yer,vi,,yer_salu ; -eti_yer,,,,,,,ˈjɛr,,
yer_salu,kvw,yer salu,vi,,yer ; -eti_yer,,,,,,,ˈjɛr ˈsalu,,
yeta,kvw,yeta,pro,,,,,,,,,ˈjɛta,,
yewe,kvw,yewe,pro,,,,,,,,,jɛˈwɛ,,
yeweng,kvw,yeweng,pro,,,,,,,,,ˈjɛwɛŋ,,
yinuk,kvw,yinuk,pro,,,,,,,,,jiˈnuk ~ jəˈnuk,yènuk,
LX000349,kvw,=yo,elev,,,,,,,,,=jo,,
-yok,kvw,-yok,vi,,yok-yok,,II_S,,,,,[Cɛ-]ˈjok,,
LX000350,kvw,-yok,vt,,yok-yok,,II_P,,,,,[Cɛ-]ˈjok,,
yoku,kvw,yoku,num,,,,,,,,,ˈjoku,,
yok-yok,kvw,yok-yok,vi,,,,,,,,,jok~ˈjok,,
yona,kvw,yona,elev,,yong ; yono,,,,,,,ˈjona,,
yong,kvw,yong,elev,,yono ; yona,,,,,,,ˈjoŋ,,
yono,kvw,yono,elev,,yong ; yona,,,,,,,ˈjono ~ ˈjonu,,
LX000351,kvw,yèbaka,pro,,,,,,,,,jəˈbaka ~ jaˈbaka,,
LX000352,kvw,yèmarang,pro,,,,,,,,,jəˈmaraŋ ~ jaˈmaraŋ,,
LX000353,kvw,yènaing,pro,,,,,,,,,jəˈnajŋ ~ jaˈnajŋ,,
LX000354,kvw,yènasu,pro,,,,,,,,,jəˈnasu ~ jaˈnasu,,
